Workbook
Name Slicer_Duration_Period: #N/A
Name Slicer_freelancer_ID: #N/A
Name Slicer_freelancer_ID1: #N/A
Name Slicer_freelancer_ID2: #N/A
Name Slicer_is_active: #N/A
Name Slicer_is_active1: #N/A
Name Slicer_no_of_projects: #N/A
Name Slicer_primary_skill: #N/A
Name Slicer_rating: #N/A

Sheet global_freelancer_raw
A1: freelancer_ID | B1: name | C1: gender | D1: age | E1: Index and Match Mode gender | F1: country | G1: language | H1: primary_skill | I1: years_of_experience | J1: hourly_rate (USD) | K1: rating | L1: is_active | M1: client_satisfaction | N1: Notes | O1: Status | P1: no of projects | Q1: duration_months | R1: Duration Period | S1: Client satisfaction analysis
A2: FL250001 | B2: Ms. Nicole Kidd | C2: Female | D2: 52 | F2: Italy | G2: Italian | H2: Blockchain Development | I2: 11 | J2: 100 | K2: 2.5125695 | L2: FALSE | M2: 0.79 | N2: Reviewed | O2: On Hold | P2: 13 | Q2: 6 | R2: =IF(global_freelancer_raw!$Q2 < 7, "Short Duration", IF(global_freelancer_raw!$Q2 <= 12, "Medium Duration", "Long Duration")) -> Short Duration | S2: =IF(global_freelancer_raw!$M2 <= 50%, "POOR", IF(global_freelancer_raw!$M2 <= 70%, "GOOD", "EXCELLENT")) -> EXCELLENT
A3: FL250002 | B3: Vanessa Garcia | C3: Female | D3: 52 | E3: {=INDEX(global_freelancer_raw!$C$2:$C$1001, MODE(MATCH(global_freelancer_raw!$C$2:$C$1001, global_freelancer_raw!$C$2:$C$1001, 0)))} -> Male | F3: Australia | G3: English | H3: Mobile Apps | I3: 34 | J3: 100 | K3: 3.3 | L3: TRUE | M3: 0.84 | N3: Reviewed | O3: Completed | P3: 10 | Q3: 7 | R3: =IF(global_freelancer_raw!$Q3 < 7, "Short Duration", IF(global_freelancer_raw!$Q3 <= 12, "Medium Duration", "Long Duration")) -> Medium Duration | S3: =IF(global_freelancer_raw!$M3 <= 50%, "POOR", IF(global_freelancer_raw!$M3 <= 70%, "GOOD", "EXCELLENT")) -> EXCELLENT
A4: FL250003 | B4: Juan Nelson | C4: Male | D4: 53 | E4: {=INDEX(global_freelancer_raw!$C$2:$C$1001, MODE(MATCH(global_freelancer_raw!$C$2:$C$1001, global_freelancer_raw!$C$2:$C$1001, 0)))} -> Male | F4: Germany | G4: Germany | H4: Graphic Design | I4: 31 | J4: 50 | K4: 0 | L4: FALSE | M4: 0.71 | N4: Reviewed | O4: Active | P4: 16 | Q4: 16 | R4: =IF(global_freelancer_raw!$Q4 < 7, "Short Duration", IF(global_freelancer_raw!$Q4 <= 12, "Medium Duration", "Long Duration")) -> Long Duration | S4: =IF(global_freelancer_raw!$M4 <= 50%, "POOR", IF(global_freelancer_raw!$M4 <= 70%, "GOOD", "EXCELLENT")) -> EXCELLENT
A5: FL250004 | B5: Amanda Spencer | C5: Female | D5: 38 | E5: {=INDEX(global_freelancer_raw!$C$2:$C$1001, MODE(MATCH(global_freelancer_raw!$C$2:$C$1001, global_freelancer_raw!$C$2:$C$1001, 0)))} -> Male | F5: Australia | G5: English | H5: Web Development | I5: 4 | J5: 40 | K5: 1.5 | L5: FALSE | M5: 0.9 | N5: Reviewed | O5: Completed | P5: 5 | Q5: 1 | R5: =IF(global_freelancer_raw!$Q5 < 7, "Short Duration", IF(global_freelancer_raw!$Q5 <= 12, "Medium Duration", "Long Duration")) -> Short Duration | S5: =IF(global_freelancer_raw!$M5 <= 50%, "POOR", IF(global_freelancer_raw!$M5 <= 70%, "GOOD", "EXCELLENT")) -> EXCELLENT
A6: FL250005 | B6: Lynn Curtis DDS | C6: Female | D6: 53 | E6: {=INDEX(global_freelancer_raw!$C$2:$C$1001, MODE(MATCH(global_freelancer_raw!$C$2:$C$1001, global_freelancer_raw!$C$2:$C$1001, 0)))} -> Male | F6: Germany | G6: Germany | I6: 27 | J6: 30 | K6: 4.8 | L6: FALSE | M6: 0.83 | N6: Reviewed | O6: On Hold | P6: 13 | Q6: 3 | R6: =IF(global_freelancer_raw!$Q6 < 7, "Short Duration", IF(global_freelancer_raw!$Q6 <= 12, "Medium Duration", "Long Duration")) -> Short Duration | S6: =IF(global_freelancer_raw!$M6 <= 50%, "POOR", IF(global_freelancer_raw!$M6 <= 70%, "GOOD", "EXCELLENT")) -> EXCELLENT
A7: FL250006 | B7: Lisa Johnson | C7: Female | D7: 59 | E7: {=INDEX(global_freelancer_raw!$C$2:$C$1001, MODE(MATCH(global_freelancer_raw!$C$2:$C$1001, global_freelancer_raw!$C$2:$C$1001, 0)))} -> Male | F7: Netherlands | G7: Dutch | H7: AI | I7: 14 | J7: 30 | K7: 2.4 | L7: FALSE | M7: 0.79 | N7: Urgent | O7: Active | P7: 8 | Q7: 3 | R7: =IF(global_freelancer_raw!$Q7 < 7, "Short Duration", IF(global_freelancer_raw!$Q7 <= 12, "Medium Duration", "Long Duration")) -> Short Duration | S7: =IF(global_freelancer_raw!$M7 <= 50%, "POOR", IF(global_freelancer_raw!$M7 <= 70%, "GOOD", "EXCELLENT")) -> EXCELLENT
A8: FL250007 | B8: Eric Myers | C8: Male | D8: 52 | E8: {=INDEX(global_freelancer_raw!$C$2:$C$1001, MODE(MATCH(global_freelancer_raw!$C$2:$C$1001, global_freelancer_raw!$C$2:$C$1001, 0)))} -> Male | F8: Indonesia | G8: Indonesian | H8: Data Analysis | I8: 10 | J8: 75 | K8: 3.1 | L8: FALSE | M8: 0.94 | N8: Reviewed | O8: On Hold | P8: 10 | Q8: 3 | R8: =IF(global_freelancer_raw!$Q8 < 7, "Short Duration", IF(global_freelancer_raw!$Q8 <= 12, "Medium Duration", "Long Duration")) -> Short Duration | S8: =IF(global_freelancer_raw!$M8 <= 50%, "POOR", IF(global_freelancer_raw!$M8 <= 70%, "GOOD", "EXCELLENT")) -> EXCELLENT
A9: FL250008 | B9: Ricky Graham | C9: Male | D9: 43 | E9: {=INDEX(global_freelancer_raw!$C$2:$C$1001, MODE(MATCH(global_freelancer_raw!$C$2:$C$1001, global_freelancer_raw!$C$2:$C$1001, 0)))} -> Male | F9: Italy | G9: Italian | H9: Blockchain Development | I9: 14 | J9: 40 | K9: 4.6 | L9: FALSE | M9: 0.94 | N9: Urgent | O9: On Hold | P9: 7 | Q9: 10 | R9: =IF(global_freelancer_raw!$Q9 < 7, "Short Duration", IF(global_freelancer_raw!$Q9 <= 12, "Medium Duration", "Long Duration")) -> Medium Duration | S9: =IF(global_freelancer_raw!$M9 <= 50%, "POOR", IF(global_freelancer_raw!$M9 <= 70%, "GOOD", "EXCELLENT")) -> EXCELLENT
A10: FL250009 | B10: Sean Martin | C10: Male | D10: 26 | E10: {=INDEX(global_freelancer_raw!$C$2:$C$1001, MODE(MATCH(global_freelancer_raw!$C$2:$C$1001, global_freelancer_raw!$C$2:$C$1001, 0)))} -> Male | F10: US | G10: English | H10: Blockchain Development | I10: 4 | J10: 52.461369 | K10: 4 | L10: TRUE | M10: 0.76 | N10: Reviewed | O10: Inactive | P10: 2 | Q10: 4 | R10: =IF(global_freelancer_raw!$Q10 < 7, "Short Duration", IF(global_freelancer_raw!$Q10 <= 12, "Medium Duration", "Long Duration")) -> Short Duration | S10: =IF(global_freelancer_raw!$M10 <= 50%, "POOR", IF(global_freelancer_raw!$M10 <= 70%, "GOOD", "EXCELLENT")) -> EXCELLENT
A11: FL250010 | B11: Matthew Lloyd | C11: Male | D11: 52 | E11: {=INDEX(global_freelancer_raw!$C$2:$C$1001, MODE(MATCH(global_freelancer_raw!$C$2:$C$1001, global_freelancer_raw!$C$2:$C$1001, 0)))} -> Male | F11: Turkey | G11: Turkish | H11: AI | I11: 22 | J11: 50 | K11: 2.5125695 | L11: TRUE | M11: 0.79 | N11: Pending | O11: Active | P11: 16 | Q11: 5 | R11: =IF(global_freelancer_raw!$Q11 < 7, "Short Duration", IF(global_freelancer_raw!$Q11 <= 12, "Medium Duration", "Long Duration")) -> Short Duration | S11: =IF(global_freelancer_raw!$M11 <= 50%, "POOR", IF(global_freelancer_raw!$M11 <= 70%, "GOOD", "EXCELLENT")) -> EXCELLENT
A12: FL250011 | B12: Gavin Randall | C12: Male | D12: 40 | E12: {=INDEX(global_freelancer_raw!$C$2:$C$1001, MODE(MATCH(global_freelancer_raw!$C$2:$C$1001, global_freelancer_raw!$C$2:$C$1001, 0)))} -> Male | F12: UK | G12: English | H12: Data Analysis | I12: 17 | J12: 40 | K12: 3.6 | L12: TRUE | M12: 0.77 | N12: Follow-up | O12: Inactive | P12: 20 | Q12: 5 | R12: =IF(global_freelancer_raw!$Q12 < 7, "Short Duration", IF(global_freelancer_raw!$Q12 <= 12, "Medium Duration", "Long Duration")) -> Short Duration | S12: =IF(global_freelancer_raw!$M12 <= 50%, "POOR", IF(global_freelancer_raw!$M12 <= 70%, "GOOD", "EXCELLENT")) -> EXCELLENT
A13: FL250012 | B13: Michelle Curtis | C13: Female | D13: 55 | E13: {=INDEX(global_freelancer_raw!$C$2:$C$1001, MODE(MATCH(global_freelancer_raw!$C$2:$C$1001, global_freelancer_raw!$C$2:$C$1001, 0)))} -> Male | F13: Argentina | G13: Spanish | H13: UI/UX Design | I13: 15 | J13: 52.461369 | K13: 2.5125695 | L13: TRUE | M13: 0.86 | N13: Urgent | O13: Active | P13: 13 | Q13: 4 | R13: =IF(global_freelancer_raw!$Q13 < 7, "Short Duration", IF(global_freelancer_raw!$Q13 <= 12, "Medium Duration", "Long Duration")) -> Short Duration | S13: =IF(global_freelancer_raw!$M13 <= 50%, "POOR", IF(global_freelancer_raw!$M13 <= 70%, "GOOD", "EXCELLENT")) -> EXCELLENT
A14: FL250013 | B14: Alice Schneider | C14: Female | D14: 57 | E14: {=INDEX(global_freelancer_raw!$C$2:$C$1001, MODE(MATCH(global_freelancer_raw!$C$2:$C$1001, global_freelancer_raw!$C$2:$C$1001, 0)))} -> Male | F14: UK | G14: English | H14: Cybersecurity | I14: 18 | J14: 52.461369 | K14: 2 | L14: FALSE | M14: 0.86 | N14: Reviewed | O14: On Hold | P14: 16 | Q14: 15 | R14: =IF(global_freelancer_raw!$Q14 < 7, "Short Duration", IF(global_freelancer_raw!$Q14 <= 12, "Medium Duration", "Long Duration")) -> Long Duration | S14: =IF(global_freelancer_raw!$M14 <= 50%, "POOR", IF(global_freelancer_raw!$M14 <= 70%, "GOOD", "EXCELLENT")) -> EXCELLENT
A15: FL250014 | B15: Phillip Shelton | C15: Male | D15: 38 | E15: {=INDEX(global_freelancer_raw!$C$2:$C$1001, MODE(MATCH(global_freelancer_raw!$C$2:$C$1001, global_freelancer_raw!$C$2:$C$1001, 0)))} -> Male | G15: Spanish | H15: Graphic Design | I15: 20 | J15: 75 | K15: 2.9 | L15: TRUE | M15: 0.93 | N15: Pending | O15: On Hold | P15: 17 | Q15: 12 | R15: =IF(global_freelancer_raw!$Q15 < 7, "Short Duration", IF(global_freelancer_raw!$Q15 <= 12, "Medium Duration", "Long Duration")) -> Medium Duration | S15: =IF(global_freelancer_raw!$M15 <= 50%, "POOR", IF(global_freelancer_raw!$M15 <= 70%, "GOOD", "EXCELLENT")) -> EXCELLENT
A16: FL250015 | B16: Edward Ferguson | C16: Male | D16: 50 | E16: {=INDEX(global_freelancer_raw!$C$2:$C$1001, MODE(MATCH(global_freelancer_raw!$C$2:$C$1001, global_freelancer_raw!$C$2:$C$1001, 0)))} -> Male | F16: Germany | G16: Germany | H16: Data Analysis | I16: 22 | J16: 75 | K16: 3.7 | L16: TRUE | M16: 0.7 | N16: Follow-up | O16: Completed | P16: 14 | Q16: 6 | R16: =IF(global_freelancer_raw!$Q16 < 7, "Short Duration", IF(global_freelancer_raw!$Q16 <= 12, "Medium Duration", "Long Duration")) -> Short Duration | S16: =IF(global_freelancer_raw!$M16 <= 50%, "POOR", IF(global_freelancer_raw!$M16 <= 70%, "GOOD", "EXCELLENT")) -> GOOD
A17: FL250016 | B17: Wyatt Stout | C17: Male | D17: 42 | E17: {=INDEX(global_freelancer_raw!$C$2:$C$1001, MODE(MATCH(global_freelancer_raw!$C$2:$C$1001, global_freelancer_raw!$C$2:$C$1001, 0)))} -> Male | F17: Japan | G17: Japanese | I17: 0 | J17: 30 | K17: 1.2 | L17: FALSE | M17: 0.69 | N17: Urgent | O17: Active | P17: 5 | Q17: 2 | R17: =IF(global_freelancer_raw!$Q17 < 7, "Short Duration", IF(global_freelancer_raw!$Q17 <= 12, "Medium Duration", "Long Duration")) -> Short Duration | S17: =IF(global_freelancer_raw!$M17 <= 50%, "POOR", IF(global_freelancer_raw!$M17 <= 70%, "GOOD", "EXCELLENT")) -> GOOD
A18: FL250017 | B18: Laura Johnson | C18: Female | D18: 39 | E18: {=INDEX(global_freelancer_raw!$C$2:$C$1001, MODE(MATCH(global_freelancer_raw!$C$2:$C$1001, global_freelancer_raw!$C$2:$C$1001, 0)))} -> Male | F18: Australia | G18: English | H18: DevOps | I18: 13 | J18: 30 | K18: 2.5 | L18: FALSE | M18: 0.6 | N18: Follow-up | O18: Inactive | P18: 7 | Q18: 1 | R18: =IF(global_freelancer_raw!$Q18 < 7, "Short Duration", IF(global_freelancer_raw!$Q18 <= 12, "Medium Duration", "Long Duration")) -> Short Duration | S18: =IF(global_freelancer_raw!$M18 <= 50%, "POOR", IF(global_freelancer_raw!$M18 <= 70%, "GOOD", "EXCELLENT")) -> GOOD
A19: FL250018 | B19: Scott Burns | C19: Male | D19: 56 | E19: {=INDEX(global_freelancer_raw!$C$2:$C$1001, MODE(MATCH(global_freelancer_raw!$C$2:$C$1001, global_freelancer_raw!$C$2:$C$1001, 0)))} -> Male | F19: India | G19: Hindi | H19: Blockchain Development | I19: 0 | J19: 52.461369 | K19: 2.5125695 | L19: Unknown | M19: 0.87 | N19: Pending | O19: Completed | P19: 1 | Q19: 2 | R19: =IF(global_freelancer_raw!$Q19 < 7, "Short Duration", IF(global_freelancer_raw!$Q19 <= 12, "Medium Duration", "Long Duration")) -> Short Duration | S19: =IF(global_freelancer_raw!$M19 <= 50%, "POOR", IF(global_freelancer_raw!$M19 <= 70%, "GOOD", "EXCELLENT")) -> EXCELLENT
A20: FL250019 | B20: Tyler Aguirre | C20: Male | D20: 56 | E20: {=INDEX(global_freelancer_raw!$C$2:$C$1001, MODE(MATCH(global_freelancer_raw!$C$2:$C$1001, global_freelancer_raw!$C$2:$C$1001, 0)))} -> Male | F20: US | G20: English | H20: UI/UX Design | I20: 31 | J20: 50 | K20: 1.1 | L20: FALSE | M20: 0.75 | N20: Urgent | O20: Completed | P20: 13 | Q20: 3 | R20: =IF(global_freelancer_raw!$Q20 < 7, "Short Duration", IF(global_freelancer_raw!$Q20 <= 12, "Medium Duration", "Long Duration")) -> Short Duration | S20: =IF(global_freelancer_raw!$M20 <= 50%, "POOR", IF(global_freelancer_raw!$M20 <= 70%, "GOOD", "EXCELLENT")) -> EXCELLENT
A21: FL250020 | B21: Matthew Lawson | C21: Male | D21: 57 | E21: {=INDEX(global_freelancer_raw!$C$2:$C$1001, MODE(MATCH(global_freelancer_raw!$C$2:$C$1001, global_freelancer_raw!$C$2:$C$1001, 0)))} -> Male | F21: Italy | G21: Italian | H21: Web Development | I21: 3 | J21: 100 | K21: 1.8 | L21: TRUE | M21: 0.68 | N21: Follow-up | O21: Completed | P21: 1 | Q21: 1 | R21: =IF(global_freelancer_raw!$Q21 < 7, "Short Duration", IF(global_freelancer_raw!$Q21 <= 12, "Medium Duration", "Long Duration")) -> Short Duration | S21: =IF(global_freelancer_raw!$M21 <= 50%, "POOR", IF(global_freelancer_raw!$M21 <= 70%, "GOOD", "EXCELLENT")) -> GOOD
A22: FL250021 | B22: James Cherry | C22: Male | E22: {=INDEX(global_freelancer_raw!$C$2:$C$1001, MODE(MATCH(global_freelancer_raw!$C$2:$C$1001, global_freelancer_raw!$C$2:$C$1001, 0)))} -> Male | F22: Indonesia | G22: Indonesian | H22: AI | I22: 9 | J22: 50 | K22: 1.8 | L22: FALSE | M22: 0.65 | N22: Reviewed | O22: Inactive | P22: 15 | Q22: 6 | R22: =IF(global_freelancer_raw!$Q22 < 7, "Short Duration", IF(global_freelancer_raw!$Q22 <= 12, "Medium Duration", "Long Duration")) -> Short Duration | S22: =IF(global_freelancer_raw!$M22 <= 50%, "POOR", IF(global_freelancer_raw!$M22 <= 70%, "GOOD", "EXCELLENT")) -> GOOD
A23: FL250022 | B23: Samuel Sanford | C23: Male | D23: 51 | E23: {=INDEX(global_freelancer_raw!$C$2:$C$1001, MODE(MATCH(global_freelancer_raw!$C$2:$C$1001, global_freelancer_raw!$C$2:$C$1001, 0)))} -> Male | F23: Japan | G23: Japanese | H23: DevOps | I23: 0 | J23: 52.461369 | K23: 2.4 | L23: FALSE | M23: 0.69 | N23: Urgent | O23: Completed | P23: 3 | Q23: 5 | R23: =IF(global_freelancer_raw!$Q23 < 7, "Short Duration", IF(global_freelancer_raw!$Q23 <= 12, "Medium Duration", "Long Duration")) -> Short Duration | S23: =IF(global_freelancer_raw!$M23 <= 50%, "POOR", IF(global_freelancer_raw!$M23 <= 70%, "GOOD", "EXCELLENT")) -> GOOD
A24: FL250023 | B24: Cesar Greene | C24: Male | D24: 51 | E24: {=INDEX(global_freelancer_raw!$C$2:$C$1001, MODE(MATCH(global_freelancer_raw!$C$2:$C$1001, global_freelancer_raw!$C$2:$C$1001, 0)))} -> Male | F24: Brazil | G24: Portuguese | H24: Cybersecurity | I24: 21 | J24: 30 | K24: 4.7 | L24: FALSE | M24: 0.79 | N24: Follow-up | O24: Inactive | P24: 14 | Q24: 2 | R24: =IF(global_freelancer_raw!$Q24 < 7, "Short Duration", IF(global_freelancer_raw!$Q24 <= 12, "Medium Duration", "Long Duration")) -> Short Duration | S24: =IF(global_freelancer_raw!$M24 <= 50%, "POOR", IF(global_freelancer_raw!$M24 <= 70%, "GOOD", "EXCELLENT")) -> EXCELLENT
A25: FL250024 | B25: Melanie Carter | C25: Female | D25: 51 | E25: {=INDEX(global_freelancer_raw!$C$2:$C$1001, MODE(MATCH(global_freelancer_raw!$C$2:$C$1001, global_freelancer_raw!$C$2:$C$1001, 0)))} -> Male | F25: South Korea | G25: Korean | H25: Machine Learning | I25: 15 | J25: 50 | K25: 1.3 | L25: TRUE | M25: 1 | N25: Pending | O25: Completed | P25: 9 | Q25: 3 | R25: =IF(global_freelancer_raw!$Q25 < 7, "Short Duration", IF(global_freelancer_raw!$Q25 <= 12, "Medium Duration", "Long Duration")) -> Short Duration | S25: =IF(global_freelancer_raw!$M25 <= 50%, "POOR", IF(global_freelancer_raw!$M25 <= 70%, "GOOD", "EXCELLENT")) -> EXCELLENT
A26: FL250025 | B26: Jennifer Martin | C26: Female | D26: 54 | E26: {=INDEX(global_freelancer_raw!$C$2:$C$1001, MODE(MATCH(global_freelancer_raw!$C$2:$C$1001, global_freelancer_raw!$C$2:$C$1001, 0)))} -> Male | F26: Indonesia | G26: Indonesian | H26: Machine Learning | I26: 13 | J26: 75 | K26: 2.9 | L26: Unknown | M26: 0.92 | N26: Pending | O26: Inactive | P26: 15 | Q26: 3 | R26: =IF(global_freelancer_raw!$Q26 < 7, "Short Duration", IF(global_freelancer_raw!$Q26 <= 12, "Medium Duration", "Long Duration")) -> Short Duration | S26: =IF(global_freelancer_raw!$M26 <= 50%, "POOR", IF(global_freelancer_raw!$M26 <= 70%, "GOOD", "EXCELLENT")) -> EXCELLENT
A27: FL250026 | B27: Anna Mccann | C27: Female | D27: 22 | E27: {=INDEX(global_freelancer_raw!$C$2:$C$1001, MODE(MATCH(global_freelancer_raw!$C$2:$C$1001, global_freelancer_raw!$C$2:$C$1001, 0)))} -> Male | F27: South Korea | G27: Korean | H27: DevOps | I27: 0 | J27: 30 | K27: 1.2 | L27: TRUE | M27: 0.7 | N27: Urgent | O27: On Hold | P27: 5 | Q27: 2 | R27: =IF(global_freelancer_raw!$Q27 < 7, "Short Duration", IF(global_freelancer_raw!$Q27 <= 12, "Medium Duration", "Long Duration")) -> Short Duration | S27: =IF(global_freelancer_raw!$M27 <= 50%, "POOR", IF(global_freelancer_raw!$M27 <= 70%, "GOOD", "EXCELLENT")) -> GOOD
A28: FL250027 | B28: Marissa Bass | C28: Female | D28: 34 | E28: {=INDEX(global_freelancer_raw!$C$2:$C$1001, MODE(MATCH(global_freelancer_raw!$C$2:$C$1001, global_freelancer_raw!$C$2:$C$1001, 0)))} -> Male | F28: Japan | G28: Japanese | H28: Blockchain Development | I28: 8 | J28: 20 | K28: 0 | L28: TRUE | M28: 0.89 | N28: Follow-up | O28: On Hold | P28: 6 | Q28: 1 | R28: =IF(global_freelancer_raw!$Q28 < 7, "Short Duration", IF(global_freelancer_raw!$Q28 <= 12, "Medium Duration", "Long Duration")) -> Short Duration | S28: =IF(global_freelancer_raw!$M28 <= 50%, "POOR", IF(global_freelancer_raw!$M28 <= 70%, "GOOD", "EXCELLENT")) -> EXCELLENT
A29: FL250028 | B29: Alexis Day | C29: Female | D29: 36 | E29: {=INDEX(global_freelancer_raw!$C$2:$C$1001, MODE(MATCH(global_freelancer_raw!$C$2:$C$1001, global_freelancer_raw!$C$2:$C$1001, 0)))} -> Male | F29: Russia | G29: Russian | H29: Graphic Design | I29: 11 | J29: 52.461369 | K29: 1.8 | L29: TRUE | M29: 0.86 | N29: Urgent | O29: On Hold | P29: 12 | Q29: 4 | R29: =IF(global_freelancer_raw!$Q29 < 7, "Short Duration", IF(global_freelancer_raw!$Q29 <= 12, "Medium Duration", "Long Duration")) -> Short Duration | S29: =IF(global_freelancer_raw!$M29 <= 50%, "POOR", IF(global_freelancer_raw!$M29 <= 70%, "GOOD", "EXCELLENT")) -> EXCELLENT
A30: FL250029 | B30: Megan Jones | C30: Female | D30: 47 | E30: {=INDEX(global_freelancer_raw!$C$2:$C$1001, MODE(MATCH(global_freelancer_raw!$C$2:$C$1001, global_freelancer_raw!$C$2:$C$1001, 0)))} -> Male | F30: Canada | G30: English | H30: AI | I30: 22 | J30: 30 | K30: 1.3 | L30: FALSE | M30: 0.62 | N30: Urgent | O30: On Hold | P30: 14 | Q30: 2 | R30: =IF(global_freelancer_raw!$Q30 < 7, "Short Duration", IF(global_freelancer_raw!$Q30 <= 12, "Medium Duration", "Long Duration")) -> Short Duration | S30: =IF(global_freelancer_raw!$M30 <= 50%, "POOR", IF(global_freelancer_raw!$M30 <= 70%, "GOOD", "EXCELLENT")) -> GOOD
A31: FL250030 | B31: Lori Smith | C31: Female | D31: 41 | E31: {=INDEX(global_freelancer_raw!$C$2:$C$1001, MODE(MATCH(global_freelancer_raw!$C$2:$C$1001, global_freelancer_raw!$C$2:$C$1001, 0)))} -> Male | F31: Netherlands | G31: Dutch | H31: Data Analysis | I31: 14 | J31: 75 | K31: 1.2 | L31: FALSE | M31: 0.79 | N31: Follow-up | O31: On Hold | P31: 6 | Q31: 5 | R31: =IF(global_freelancer_raw!$Q31 < 7, "Short Duration", IF(global_freelancer_raw!$Q31 <= 12, "Medium Duration", "Long Duration")) -> Short Duration | S31: =IF(global_freelancer_raw!$M31 <= 50%, "POOR", IF(global_freelancer_raw!$M31 <= 70%, "GOOD", "EXCELLENT")) -> EXCELLENT
A32: FL250031 | B32: Eric Carpenter | C32: Male | D32: 22 | E32: {=INDEX(global_freelancer_raw!$C$2:$C$1001, MODE(MATCH(global_freelancer_raw!$C$2:$C$1001, global_freelancer_raw!$C$2:$C$1001, 0)))} -> Male | F32: Netherlands | G32: Dutch | H32: DevOps | I32: 4 | J32: 52.461369 | K32: 1 | L32: TRUE | M32: 0.79 | N32: Follow-up | O32: Completed | P32: 3 | Q32: 1 | R32: =IF(global_freelancer_raw!$Q32 < 7, "Short Duration", IF(global_freelancer_raw!$Q32 <= 12, "Medium Duration", "Long Duration")) -> Short Duration | S32: =IF(global_freelancer_raw!$M32 <= 50%, "POOR", IF(global_freelancer_raw!$M32 <= 70%, "GOOD", "EXCELLENT")) -> EXCELLENT
A33: FL250032 | B33: Timothy Daniels | C33: Male | D33: 38 | E33: {=INDEX(global_freelancer_raw!$C$2:$C$1001, MODE(MATCH(global_freelancer_raw!$C$2:$C$1001, global_freelancer_raw!$C$2:$C$1001, 0)))} -> Male | F33: France | G33: French | H33: Machine Learning | I33: 19 | J33: 100 | K33: 4.2 | L33: FALSE | M33: 0.68 | N33: Reviewed | O33: Completed | P33: 10 | Q33: 10 | R33: =IF(global_freelancer_raw!$Q33 < 7, "Short Duration", IF(global_freelancer_raw!$Q33 <= 12, "Medium Duration", "Long Duration")) -> Medium Duration | S33: =IF(global_freelancer_raw!$M33 <= 50%, "POOR", IF(global_freelancer_raw!$M33 <= 70%, "GOOD", "EXCELLENT")) -> GOOD
A34: FL250033 | B34: Robert Nelson | C34: Male | D34: 46 | E34: {=INDEX(global_freelancer_raw!$C$2:$C$1001, MODE(MATCH(global_freelancer_raw!$C$2:$C$1001, global_freelancer_raw!$C$2:$C$1001, 0)))} -> Male | F34: Egypt | G34: Arabic | H34: AI | I34: 9 | J34: 20 | K34: 1.4 | L34: TRUE | M34: 0.76 | N34: Follow-up | O34: Completed | P34: 13 | Q34: 6 | R34: =IF(global_freelancer_raw!$Q34 < 7, "Short Duration", IF(global_freelancer_raw!$Q34 <= 12, "Medium Duration", "Long Duration")) -> Short Duration | S34: =IF(global_freelancer_raw!$M34 <= 50%, "POOR", IF(global_freelancer_raw!$M34 <= 70%, "GOOD", "EXCELLENT")) -> EXCELLENT
A35: FL250034 | B35: Michael Anderson | C35: Male | E35: {=INDEX(global_freelancer_raw!$C$2:$C$1001, MODE(MATCH(global_freelancer_raw!$C$2:$C$1001, global_freelancer_raw!$C$2:$C$1001, 0)))} -> Male | F35: South Korea | G35: Korean | H35: AI | I35: 9 | J35: 40 | K35: 2.4 | L35: TRUE | M35: 0.82 | N35: Pending | O35: Inactive | P35: 15 | Q35: 3 | R35: =IF(global_freelancer_raw!$Q35 < 7, "Short Duration", IF(global_freelancer_raw!$Q35 <= 12, "Medium Duration", "Long Duration")) -> Short Duration | S35: =IF(global_freelancer_raw!$M35 <= 50%, "POOR", IF(global_freelancer_raw!$M35 <= 70%, "GOOD", "EXCELLENT")) -> EXCELLENT
A36: FL250035 | B36: Jessica Snyder | C36: Female | D36: 54 | E36: {=INDEX(global_freelancer_raw!$C$2:$C$1001, MODE(MATCH(global_freelancer_raw!$C$2:$C$1001, global_freelancer_raw!$C$2:$C$1001, 0)))} -> Male | F36: US | G36: English | H36: Web Development | I36: 32 | J36: 75 | K36: 1 | L36: TRUE | M36: 0.81 | N36: Urgent | O36: Inactive | P36: 18 | Q36: 10 | R36: =IF(global_freelancer_raw!$Q36 < 7, "Short Duration", IF(global_freelancer_raw!$Q36 <= 12, "Medium Duration", "Long Duration")) -> Medium Duration | S36: =IF(global_freelancer_raw!$M36 <= 50%, "POOR", IF(global_freelancer_raw!$M36 <= 70%, "GOOD", "EXCELLENT")) -> EXCELLENT
A37: FL250036 | B37: Emily Daniels | C37: Female | D37: 52 | E37: {=INDEX(global_freelancer_raw!$C$2:$C$1001, MODE(MATCH(global_freelancer_raw!$C$2:$C$1001, global_freelancer_raw!$C$2:$C$1001, 0)))} -> Male | F37: South Korea | G37: Korean | I37: 28 | J37: 20 | K37: 2.5125695 | L37: FALSE | M37: 0.79 | N37: Urgent | O37: Inactive | P37: 18 | Q37: 2 | R37: =IF(global_freelancer_raw!$Q37 < 7, "Short Duration", IF(global_freelancer_raw!$Q37 <= 12, "Medium Duration", "Long Duration")) -> Short Duration | S37: =IF(global_freelancer_raw!$M37 <= 50%, "POOR", IF(global_freelancer_raw!$M37 <= 70%, "GOOD", "EXCELLENT")) -> EXCELLENT
A38: FL250037 | B38: Jamie Ramirez | C38: Female | D38: 42 | E38: {=INDEX(global_freelancer_raw!$C$2:$C$1001, MODE(MATCH(global_freelancer_raw!$C$2:$C$1001, global_freelancer_raw!$C$2:$C$1001, 0)))} -> Male | F38: Japan | G38: Japanese | H38: Mobile Apps | I38: 6 | J38: 40 | K38: 2.5125695 | L38: FALSE | M38: 0.63 | N38: Pending | O38: Inactive | P38: 15 | Q38: 6 | R38: =IF(global_freelancer_raw!$Q38 < 7, "Short Duration", IF(global_freelancer_raw!$Q38 <= 12, "Medium Duration", "Long Duration")) -> Short Duration | S38: =IF(global_freelancer_raw!$M38 <= 50%, "POOR", IF(global_freelancer_raw!$M38 <= 70%, "GOOD", "EXCELLENT")) -> GOOD
A39: FL250038 | B39: Amy Harrison | C39: Female | D39: 29 | E39: {=INDEX(global_freelancer_raw!$C$2:$C$1001, MODE(MATCH(global_freelancer_raw!$C$2:$C$1001, global_freelancer_raw!$C$2:$C$1001, 0)))} -> Male | F39: Netherlands | G39: Dutch | H39: Graphic Design | I39: 10 | J39: 40 | K39: 2.2 | L39: FALSE | M39: 0.67 | N39: Follow-up | O39: On Hold | P39: 10 | Q39: 9 | R39: =IF(global_freelancer_raw!$Q39 < 7, "Short Duration", IF(global_freelancer_raw!$Q39 <= 12, "Medium Duration", "Long Duration")) -> Medium Duration | S39: =IF(global_freelancer_raw!$M39 <= 50%, "POOR", IF(global_freelancer_raw!$M39 <= 70%, "GOOD", "EXCELLENT")) -> GOOD
A40: FL250039 | B40: Melinda White | C40: Female | D40: 42 | E40: {=INDEX(global_freelancer_raw!$C$2:$C$1001, MODE(MATCH(global_freelancer_raw!$C$2:$C$1001, global_freelancer_raw!$C$2:$C$1001, 0)))} -> Male | F40: South Africa | G40: Afrikaans | H40: Mobile Apps | I40: 23 | J40: 50 | K40: 3.2 | L40: TRUE | M40: 0.79 | N40: Pending | O40: On Hold | P40: 13 | Q40: 3 | R40: =IF(global_freelancer_raw!$Q40 < 7, "Short Duration", IF(global_freelancer_raw!$Q40 <= 12, "Medium Duration", "Long Duration")) -> Short Duration | S40: =IF(global_freelancer_raw!$M40 <= 50%, "POOR", IF(global_freelancer_raw!$M40 <= 70%, "GOOD", "EXCELLENT")) -> EXCELLENT
A41: FL250040 | B41: James Hernandez | C41: Male | D41: 60 | E41: {=INDEX(global_freelancer_raw!$C$2:$C$1001, MODE(MATCH(global_freelancer_raw!$C$2:$C$1001, global_freelancer_raw!$C$2:$C$1001, 0)))} -> Male | F41: Japan | G41: Japanese | H41: Web Development | I41: 13 | J41: 20 | K41: 3.6 | L41: FALSE | M41: 0.8 | N41: Pending | O41: On Hold | P41: 9 | Q41: 3 | R41: =IF(global_freelancer_raw!$Q41 < 7, "Short Duration", IF(global_freelancer_raw!$Q41 <= 12, "Medium Duration", "Long Duration")) -> Short Duration | S41: =IF(global_freelancer_raw!$M41 <= 50%, "POOR", IF(global_freelancer_raw!$M41 <= 70%, "GOOD", "EXCELLENT")) -> EXCELLENT
A42: FL250041 | B42: Angelica Rogers | C42: Female | D42: 59 | E42: {=INDEX(global_freelancer_raw!$C$2:$C$1001, MODE(MATCH(global_freelancer_raw!$C$2:$C$1001, global_freelancer_raw!$C$2:$C$1001, 0)))} -> Male | F42: UK | G42: English | H42: AI | I42: 3 | J42: 50 | K42: 0 | L42: FALSE | M42: 0.79 | N42: Reviewed | O42: Active | P42: 3 | Q42: 1 | R42: =IF(global_freelancer_raw!$Q42 < 7, "Short Duration", IF(global_freelancer_raw!$Q42 <= 12, "Medium Duration", "Long Duration")) -> Short Duration | S42: =IF(global_freelancer_raw!$M42 <= 50%, "POOR", IF(global_freelancer_raw!$M42 <= 70%, "GOOD", "EXCELLENT")) -> EXCELLENT
A43: FL250042 | B43: Savannah Williams | C43: Female | D43: 21 | E43: {=INDEX(global_freelancer_raw!$C$2:$C$1001, MODE(MATCH(global_freelancer_raw!$C$2:$C$1001, global_freelancer_raw!$C$2:$C$1001, 0)))} -> Male | F43: Canada | G43: English | H43: Web Development | I43: 0 | J43: 30 | K43: 2.7 | L43: TRUE | M43: 0.84 | N43: Pending | O43: Completed | P43: 5 | Q43: 1 | R43: =IF(global_freelancer_raw!$Q43 < 7, "Short Duration", IF(global_freelancer_raw!$Q43 <= 12, "Medium Duration", "Long Duration")) -> Short Duration | S43: =IF(global_freelancer_raw!$M43 <= 50%, "POOR", IF(global_freelancer_raw!$M43 <= 70%, "GOOD", "EXCELLENT")) -> EXCELLENT
A44: FL250043 | B44: Kaitlyn Schmidt | C44: Female | D44: 35 | E44: {=INDEX(global_freelancer_raw!$C$2:$C$1001, MODE(MATCH(global_freelancer_raw!$C$2:$C$1001, global_freelancer_raw!$C$2:$C$1001, 0)))} -> Male | F44: Germany | G44: Germany | H44: DevOps | I44: 10 | J44: 50 | K44: 0 | L44: FALSE | M44: 0.79 | N44: Urgent | O44: Inactive | P44: 7 | Q44: 6 | R44: =IF(global_freelancer_raw!$Q44 < 7, "Short Duration", IF(global_freelancer_raw!$Q44 <= 12, "Medium Duration", "Long Duration")) -> Short Duration | S44: =IF(global_freelancer_raw!$M44 <= 50%, "POOR", IF(global_freelancer_raw!$M44 <= 70%, "GOOD", "EXCELLENT")) -> EXCELLENT
A45: FL250044 | B45: Jason Singh | C45: Male | D45: 41 | E45: {=INDEX(global_freelancer_raw!$C$2:$C$1001, MODE(MATCH(global_freelancer_raw!$C$2:$C$1001, global_freelancer_raw!$C$2:$C$1001, 0)))} -> Male | F45: UK | G45: English | H45: Data Analysis | I45: 0 | J45: 20 | K45: 2.8 | L45: TRUE | M45: 0.63 | N45: Pending | O45: Inactive | P45: 1 | Q45: 1 | R45: =IF(global_freelancer_raw!$Q45 < 7, "Short Duration", IF(global_freelancer_raw!$Q45 <= 12, "Medium Duration", "Long Duration")) -> Short Duration | S45: =IF(global_freelancer_raw!$M45 <= 50%, "POOR", IF(global_freelancer_raw!$M45 <= 70%, "GOOD", "EXCELLENT")) -> GOOD
A46: FL250045 | B46: Michelle Ramirez | C46: Female | D46: 51 | E46: {=INDEX(global_freelancer_raw!$C$2:$C$1001, MODE(MATCH(global_freelancer_raw!$C$2:$C$1001, global_freelancer_raw!$C$2:$C$1001, 0)))} -> Male | F46: Netherlands | G46: Dutch | H46: Machine Learning | I46: 23 | J46: 20 | K46: 2.5 | L46: FALSE | M46: 0.8 | N46: Urgent | O46: On Hold | P46: 17 | Q46: 15 | R46: =IF(global_freelancer_raw!$Q46 < 7, "Short Duration", IF(global_freelancer_raw!$Q46 <= 12, "Medium Duration", "Long Duration")) -> Long Duration | S46: =IF(global_freelancer_raw!$M46 <= 50%, "POOR", IF(global_freelancer_raw!$M46 <= 70%, "GOOD", "EXCELLENT")) -> EXCELLENT
A47: FL250046 | B47: James Brown | C47: Male | D47: 41 | E47: {=INDEX(global_freelancer_raw!$C$2:$C$1001, MODE(MATCH(global_freelancer_raw!$C$2:$C$1001, global_freelancer_raw!$C$2:$C$1001, 0)))} -> Male | F47: South Africa | G47: Afrikaans | H47: Web Development | I47: 9 | J47: 75 | K47: 4.9 | L47: TRUE | M47: 0.74 | N47: Urgent | O47: Inactive | P47: 13 | Q47: 8 | R47: =IF(global_freelancer_raw!$Q47 < 7, "Short Duration", IF(global_freelancer_raw!$Q47 <= 12, "Medium Duration", "Long Duration")) -> Medium Duration | S47: =IF(global_freelancer_raw!$M47 <= 50%, "POOR", IF(global_freelancer_raw!$M47 <= 70%, "GOOD", "EXCELLENT")) -> EXCELLENT
A48: FL250047 | B48: Mrs. Samantha Simmons | C48: Female | D48: 47 | E48: {=INDEX(global_freelancer_raw!$C$2:$C$1001, MODE(MATCH(global_freelancer_raw!$C$2:$C$1001, global_freelancer_raw!$C$2:$C$1001, 0)))} -> Male | F48: Egypt | G48: Arabic | H48: DevOps | I48: 15 | J48: 30 | K48: 4.5 | L48: TRUE | M48: 0.85 | N48: Urgent | O48: Inactive | P48: 12 | Q48: 4 | R48: =IF(global_freelancer_raw!$Q48 < 7, "Short Duration", IF(global_freelancer_raw!$Q48 <= 12, "Medium Duration", "Long Duration")) -> Short Duration | S48: =IF(global_freelancer_raw!$M48 <= 50%, "POOR", IF(global_freelancer_raw!$M48 <= 70%, "GOOD", "EXCELLENT")) -> EXCELLENT
A49: FL250048 | B49: Chase Mason | C49: Male | D49: 25 | E49: {=INDEX(global_freelancer_raw!$C$2:$C$1001, MODE(MATCH(global_freelancer_raw!$C$2:$C$1001, global_freelancer_raw!$C$2:$C$1001, 0)))} -> Male | F49: China | G49: Mandarin | H49: Graphic Design | I49: 4 | J49: 50 | K49: 2.7 | L49: FALSE | M49: 0.77 | N49: Follow-up | O49: Completed | P49: 4 | Q49: 3 | R49: =IF(global_freelancer_raw!$Q49 < 7, "Short Duration", IF(global_freelancer_raw!$Q49 <= 12, "Medium Duration", "Long Duration")) -> Short Duration | S49: =IF(global_freelancer_raw!$M49 <= 50%, "POOR", IF(global_freelancer_raw!$M49 <= 70%, "GOOD", "EXCELLENT")) -> EXCELLENT
A50: FL250049 | B50: Dominique Ward | C50: Female | D50: 25 | E50: {=INDEX(global_freelancer_raw!$C$2:$C$1001, MODE(MATCH(global_freelancer_raw!$C$2:$C$1001, global_freelancer_raw!$C$2:$C$1001, 0)))} -> Male | F50: Mexico | G50: Spanish | H50: Mobile Apps | I50: 7 | J50: 20 | K50: 1.9 | L50: FALSE | M50: 0.79 | N50: Reviewed | O50: On Hold | P50: 12 | Q50: 10 | R50: =IF(global_freelancer_raw!$Q50 < 7, "Short Duration", IF(global_freelancer_raw!$Q50 <= 12, "Medium Duration", "Long Duration")) -> Medium Duration | S50: =IF(global_freelancer_raw!$M50 <= 50%, "POOR", IF(global_freelancer_raw!$M50 <= 70%, "GOOD", "EXCELLENT")) -> EXCELLENT
A51: FL250050 | B51: Lance Griffin | C51: Male | D51: 29 | E51: {=INDEX(global_freelancer_raw!$C$2:$C$1001, MODE(MATCH(global_freelancer_raw!$C$2:$C$1001, global_freelancer_raw!$C$2:$C$1001, 0)))} -> Male | G51: Dutch | H51: UI/UX Design | I51: 1 | J51: 20 | K51: 1.4 | L51: TRUE | M51: 0.63 | N51: Urgent | O51: Completed | P51: 2 | Q51: 1 | R51: =IF(global_freelancer_raw!$Q51 < 7, "Short Duration", IF(global_freelancer_raw!$Q51 <= 12, "Medium Duration", "Long Duration")) -> Short Duration | S51: =IF(global_freelancer_raw!$M51 <= 50%, "POOR", IF(global_freelancer_raw!$M51 <= 70%, "GOOD", "EXCELLENT")) -> GOOD
A52: FL250051 | B52: Julie Burgess | C52: Female | D52: 23 | E52: {=INDEX(global_freelancer_raw!$C$2:$C$1001, MODE(MATCH(global_freelancer_raw!$C$2:$C$1001, global_freelancer_raw!$C$2:$C$1001, 0)))} -> Male | F52: Argentina | G52: Spanish | H52: Cybersecurity | I52: 0 | J52: 75 | K52: 1.9 | L52: TRUE | M52: 0.79 | N52: Urgent | O52: Active | P52: 2 | Q52: 5 | R52: =IF(global_freelancer_raw!$Q52 < 7, "Short Duration", IF(global_freelancer_raw!$Q52 <= 12, "Medium Duration", "Long Duration")) -> Short Duration | S52: =IF(global_freelancer_raw!$M52 <= 50%, "POOR", IF(global_freelancer_raw!$M52 <= 70%, "GOOD", "EXCELLENT")) -> EXCELLENT
A53: FL250052 | B53: Don Scott | C53: Male | D53: 31 | E53: {=INDEX(global_freelancer_raw!$C$2:$C$1001, MODE(MATCH(global_freelancer_raw!$C$2:$C$1001, global_freelancer_raw!$C$2:$C$1001, 0)))} -> Male | F53: France | G53: French | H53: Data Analysis | I53: 8 | J53: 50 | K53: 3.4 | L53: FALSE | M53: 0.79 | N53: Follow-up | O53: Active | P53: 11 | Q53: 3 | R53: =IF(global_freelancer_raw!$Q53 < 7, "Short Duration", IF(global_freelancer_raw!$Q53 <= 12, "Medium Duration", "Long Duration")) -> Short Duration | S53: =IF(global_freelancer_raw!$M53 <= 50%, "POOR", IF(global_freelancer_raw!$M53 <= 70%, "GOOD", "EXCELLENT")) -> EXCELLENT
A54: FL250053 | B54: Kyle Atkinson | C54: Male | D54: 51 | E54: {=INDEX(global_freelancer_raw!$C$2:$C$1001, MODE(MATCH(global_freelancer_raw!$C$2:$C$1001, global_freelancer_raw!$C$2:$C$1001, 0)))} -> Male | F54: Germany | G54: Germany | H54: Machine Learning | I54: 33 | J54: 75 | K54: 3.3 | L54: Unknown | M54: 0.68 | N54: Urgent | O54: Active | P54: 17 | Q54: 8 | R54: =IF(global_freelancer_raw!$Q54 < 7, "Short Duration", IF(global_freelancer_raw!$Q54 <= 12, "Medium Duration", "Long Duration")) -> Medium Duration | S54: =IF(global_freelancer_raw!$M54 <= 50%, "POOR", IF(global_freelancer_raw!$M54 <= 70%, "GOOD", "EXCELLENT")) -> GOOD
A55: FL250054 | B55: Jimmy Hogan | C55: Male | E55: {=INDEX(global_freelancer_raw!$C$2:$C$1001, MODE(MATCH(global_freelancer_raw!$C$2:$C$1001, global_freelancer_raw!$C$2:$C$1001, 0)))} -> Male | F55: Spain | G55: Spanish | H55: UI/UX Design | I55: 1 | J55: 30 | K55: 0 | L55: FALSE | M55: 0.68 | N55: Pending | O55: On Hold | P55: 1 | Q55: 2 | R55: =IF(global_freelancer_raw!$Q55 < 7, "Short Duration", IF(global_freelancer_raw!$Q55 <= 12, "Medium Duration", "Long Duration")) -> Short Duration | S55: =IF(global_freelancer_raw!$M55 <= 50%, "POOR", IF(global_freelancer_raw!$M55 <= 70%, "GOOD", "EXCELLENT")) -> GOOD
A56: FL250055 | B56: Jennifer Mcintyre | C56: Female | D56: 29 | E56: {=INDEX(global_freelancer_raw!$C$2:$C$1001, MODE(MATCH(global_freelancer_raw!$C$2:$C$1001, global_freelancer_raw!$C$2:$C$1001, 0)))} -> Male | F56: Turkey | G56: Turkish | H56: Cybersecurity | I56: 11 | J56: 100 | K56: 2.3 | L56: TRUE | M56: 0.72 | N56: Pending | O56: Inactive | P56: 7 | Q56: 7 | R56: =IF(global_freelancer_raw!$Q56 < 7, "Short Duration", IF(global_freelancer_raw!$Q56 <= 12, "Medium Duration", "Long Duration")) -> Medium Duration | S56: =IF(global_freelancer_raw!$M56 <= 50%, "POOR", IF(global_freelancer_raw!$M56 <= 70%, "GOOD", "EXCELLENT")) -> EXCELLENT
A57: FL250056 | B57: Larry Simpson | C57: Male | D57: 50 | E57: {=INDEX(global_freelancer_raw!$C$2:$C$1001, MODE(MATCH(global_freelancer_raw!$C$2:$C$1001, global_freelancer_raw!$C$2:$C$1001, 0)))} -> Male | F57: UK | G57: English | H57: AI | I57: 15 | J57: 52.461369 | K57: 2 | L57: TRUE | M57: 0.65 | N57: Reviewed | O57: On Hold | P57: 7 | Q57: 7 | R57: =IF(global_freelancer_raw!$Q57 < 7, "Short Duration", IF(global_freelancer_raw!$Q57 <= 12, "Medium Duration", "Long Duration")) -> Medium Duration | S57: =IF(global_freelancer_raw!$M57 <= 50%, "POOR", IF(global_freelancer_raw!$M57 <= 70%, "GOOD", "EXCELLENT")) -> GOOD
A58: FL250057 | B58: Laura Price | C58: Female | D58: 26 | E58: {=INDEX(global_freelancer_raw!$C$2:$C$1001, MODE(MATCH(global_freelancer_raw!$C$2:$C$1001, global_freelancer_raw!$C$2:$C$1001, 0)))} -> Male | F58: UK | G58: English | H58: DevOps | I58: 8 | J58: 50 | K58: 1.3 | L58: FALSE | M58: 0.76 | N58: Urgent | O58: On Hold | P58: 7 | Q58: 5 | R58: =IF(global_freelancer_raw!$Q58 < 7, "Short Duration", IF(global_freelancer_raw!$Q58 <= 12, "Medium Duration", "Long Duration")) -> Short Duration | S58: =IF(global_freelancer_raw!$M58 <= 50%, "POOR", IF(global_freelancer_raw!$M58 <= 70%, "GOOD", "EXCELLENT")) -> EXCELLENT
A59: FL250058 | B59: Mark Wright | C59: Male | D59: 38 | E59: {=INDEX(global_freelancer_raw!$C$2:$C$1001, MODE(MATCH(global_freelancer_raw!$C$2:$C$1001, global_freelancer_raw!$C$2:$C$1001, 0)))} -> Male | F59: Canada | G59: English | H59: AI | I59: 17 | J59: 40 | K59: 4 | L59: TRUE | M59: 0.9 | N59: Follow-up | O59: Inactive | P59: 16 | Q59: 11 | R59: =IF(global_freelancer_raw!$Q59 < 7, "Short Duration", IF(global_freelancer_raw!$Q59 <= 12, "Medium Duration", "Long Duration")) -> Medium Duration | S59: =IF(global_freelancer_raw!$M59 <= 50%, "POOR", IF(global_freelancer_raw!$M59 <= 70%, "GOOD", "EXCELLENT")) -> EXCELLENT
A60: FL250059 | B60: Samantha Mcdaniel | C60: Female | D60: 23 | E60: {=INDEX(global_freelancer_raw!$C$2:$C$1001, MODE(MATCH(global_freelancer_raw!$C$2:$C$1001, global_freelancer_raw!$C$2:$C$1001, 0)))} -> Male | F60: India | G60: Hindi | H60: Mobile Apps | I60: 0 | J60: 75 | K60: 3.6 | L60: TRUE | M60: 0.65 | N60: Pending | O60: Completed | P60: 2 | Q60: 4 | R60: =IF(global_freelancer_raw!$Q60 < 7, "Short Duration", IF(global_freelancer_raw!$Q60 <= 12, "Medium Duration", "Long Duration")) -> Short Duration | S60: =IF(global_freelancer_raw!$M60 <= 50%, "POOR", IF(global_freelancer_raw!$M60 <= 70%, "GOOD", "EXCELLENT")) -> GOOD
A61: FL250060 | B61: Barbara Foster | C61: Female | D61: 51 | E61: {=INDEX(global_freelancer_raw!$C$2:$C$1001, MODE(MATCH(global_freelancer_raw!$C$2:$C$1001, global_freelancer_raw!$C$2:$C$1001, 0)))} -> Male | F61: South Africa | G61: Afrikaans | H61: DevOps | I61: 28 | J61: 40 | K61: 3.9 | L61: FALSE | M61: 0.63 | N61: Follow-up | O61: Active | P61: 13 | Q61: 6 | R61: =IF(global_freelancer_raw!$Q61 < 7, "Short Duration", IF(global_freelancer_raw!$Q61 <= 12, "Medium Duration", "Long Duration")) -> Short Duration | S61: =IF(global_freelancer_raw!$M61 <= 50%, "POOR", IF(global_freelancer_raw!$M61 <= 70%, "GOOD", "EXCELLENT")) -> GOOD
A62: FL250061 | B62: Courtney Tran | C62: Female | D62: 51 | E62: {=INDEX(global_freelancer_raw!$C$2:$C$1001, MODE(MATCH(global_freelancer_raw!$C$2:$C$1001, global_freelancer_raw!$C$2:$C$1001, 0)))} -> Male | F62: Indonesia | G62: Indonesian | H62: AI | I62: 33 | J62: 75 | K62: 0 | L62: TRUE | M62: 0.79 | N62: Follow-up | O62: Completed | P62: 14 | Q62: 8 | R62: =IF(global_freelancer_raw!$Q62 < 7, "Short Duration", IF(global_freelancer_raw!$Q62 <= 12, "Medium Duration", "Long Duration")) -> Medium Duration | S62: =IF(global_freelancer_raw!$M62 <= 50%, "POOR", IF(global_freelancer_raw!$M62 <= 70%, "GOOD", "EXCELLENT")) -> EXCELLENT
A63: FL250062 | B63: Eddie Todd | C63: Male | D63: 47 | E63: {=INDEX(global_freelancer_raw!$C$2:$C$1001, MODE(MATCH(global_freelancer_raw!$C$2:$C$1001, global_freelancer_raw!$C$2:$C$1001, 0)))} -> Male | F63: Germany | G63: Germany | H63: AI | I63: 18 | J63: 75 | K63: 0 | L63: FALSE | M63: 0.79 | N63: Pending | O63: Active | P63: 11 | Q63: 8 | R63: =IF(global_freelancer_raw!$Q63 < 7, "Short Duration", IF(global_freelancer_raw!$Q63 <= 12, "Medium Duration", "Long Duration")) -> Medium Duration | S63: =IF(global_freelancer_raw!$M63 <= 50%, "POOR", IF(global_freelancer_raw!$M63 <= 70%, "GOOD", "EXCELLENT")) -> EXCELLENT
A64: FL250063 | B64: Christine Johnson | C64: Female | D64: 34 | E64: {=INDEX(global_freelancer_raw!$C$2:$C$1001, MODE(MATCH(global_freelancer_raw!$C$2:$C$1001, global_freelancer_raw!$C$2:$C$1001, 0)))} -> Male | F64: Russia | G64: Russian | H64: UI/UX Design | I64: 16 | J64: 20 | K64: 2.3 | L64: TRUE | M64: 0.93 | N64: Follow-up | O64: On Hold | P64: 15 | Q64: 5 | R64: =IF(global_freelancer_raw!$Q64 < 7, "Short Duration", IF(global_freelancer_raw!$Q64 <= 12, "Medium Duration", "Long Duration")) -> Short Duration | S64: =IF(global_freelancer_raw!$M64 <= 50%, "POOR", IF(global_freelancer_raw!$M64 <= 70%, "GOOD", "EXCELLENT")) -> EXCELLENT
A65: FL250064 | B65: Leah Phelps | C65: Female | D65: 58 | E65: {=INDEX(global_freelancer_raw!$C$2:$C$1001, MODE(MATCH(global_freelancer_raw!$C$2:$C$1001, global_freelancer_raw!$C$2:$C$1001, 0)))} -> Male | F65: Indonesia | G65: Indonesian | H65: Data Analysis | I65: 35 | J65: 50 | K65: 4.7 | L65: FALSE | M65: 0.7 | N65: Pending | O65: Active | P65: 17 | Q65: 13 | R65: =IF(global_freelancer_raw!$Q65 < 7, "Short Duration", IF(global_freelancer_raw!$Q65 <= 12, "Medium Duration", "Long Duration")) -> Long Duration | S65: =IF(global_freelancer_raw!$M65 <= 50%, "POOR", IF(global_freelancer_raw!$M65 <= 70%, "GOOD", "EXCELLENT")) -> GOOD
A66: FL250065 | B66: Rebekah Williams | C66: Female | D66: 50 | E66: {=INDEX(global_freelancer_raw!$C$2:$C$1001, MODE(MATCH(global_freelancer_raw!$C$2:$C$1001, global_freelancer_raw!$C$2:$C$1001, 0)))} -> Male | F66: Russia | G66: Russian | H66: AI | I66: 14 | J66: 52.461369 | K66: 3.5 | L66: TRUE | M66: 0.83 | N66: Follow-up | O66: On Hold | P66: 13 | Q66: 8 | R66: =IF(global_freelancer_raw!$Q66 < 7, "Short Duration", IF(global_freelancer_raw!$Q66 <= 12, "Medium Duration", "Long Duration")) -> Medium Duration | S66: =IF(global_freelancer_raw!$M66 <= 50%, "POOR", IF(global_freelancer_raw!$M66 <= 70%, "GOOD", "EXCELLENT")) -> EXCELLENT
A67: FL250066 | B67: Crystal Wilson | C67: Female | D67: 34 | E67: {=INDEX(global_freelancer_raw!$C$2:$C$1001, MODE(MATCH(global_freelancer_raw!$C$2:$C$1001, global_freelancer_raw!$C$2:$C$1001, 0)))} -> Male | F67: Spain | G67: Spanish | H67: Web Development | I67: 12 | J67: 40 | K67: 2.4 | L67: TRUE | M67: 0.64 | N67: Pending | O67: Completed | P67: 14 | Q67: 12 | R67: =IF(global_freelancer_raw!$Q67 < 7, "Short Duration", IF(global_freelancer_raw!$Q67 <= 12, "Medium Duration", "Long Duration")) -> Medium Duration | S67: =IF(global_freelancer_raw!$M67 <= 50%, "POOR", IF(global_freelancer_raw!$M67 <= 70%, "GOOD", "EXCELLENT")) -> GOOD
A68: FL250067 | B68: Ashley Cordova | C68: Female | D68: 45 | E68: {=INDEX(global_freelancer_raw!$C$2:$C$1001, MODE(MATCH(global_freelancer_raw!$C$2:$C$1001, global_freelancer_raw!$C$2:$C$1001, 0)))} -> Male | F68: Brazil | G68: Portuguese | H68: AI | I68: 11 | J68: 75 | K68: 4 | L68: FALSE | M68: 1 | N68: Urgent | O68: On Hold | P68: 9 | Q68: 2 | R68: =IF(global_freelancer_raw!$Q68 < 7, "Short Duration", IF(global_freelancer_raw!$Q68 <= 12, "Medium Duration", "Long Duration")) -> Short Duration | S68: =IF(global_freelancer_raw!$M68 <= 50%, "POOR", IF(global_freelancer_raw!$M68 <= 70%, "GOOD", "EXCELLENT")) -> EXCELLENT
A69: FL250068 | B69: Vicki Kelly | C69: Female | D69: 55 | E69: {=INDEX(global_freelancer_raw!$C$2:$C$1001, MODE(MATCH(global_freelancer_raw!$C$2:$C$1001, global_freelancer_raw!$C$2:$C$1001, 0)))} -> Male | F69: Brazil | G69: Portuguese | H69: Web Development | I69: 0 | J69: 40 | K69: 0 | L69: TRUE | M69: 0.79 | N69: Reviewed | O69: Completed | P69: 5 | Q69: 5 | R69: =IF(global_freelancer_raw!$Q69 < 7, "Short Duration", IF(global_freelancer_raw!$Q69 <= 12, "Medium Duration", "Long Duration")) -> Short Duration | S69: =IF(global_freelancer_raw!$M69 <= 50%, "POOR", IF(global_freelancer_raw!$M69 <= 70%, "GOOD", "EXCELLENT")) -> EXCELLENT
A70: FL250069 | B70: Corey Warren | C70: Male | E70: {=INDEX(global_freelancer_raw!$C$2:$C$1001, MODE(MATCH(global_freelancer_raw!$C$2:$C$1001, global_freelancer_raw!$C$2:$C$1001, 0)))} -> Male | F70: Argentina | G70: Spanish | H70: UI/UX Design | I70: 6 | J70: 100 | K70: 1.5 | L70: FALSE | M70: 0.79 | N70: Pending | O70: Inactive | P70: 8 | Q70: 2 | R70: =IF(global_freelancer_raw!$Q70 < 7, "Short Duration", IF(global_freelancer_raw!$Q70 <= 12, "Medium Duration", "Long Duration")) -> Short Duration | S70: =IF(global_freelancer_raw!$M70 <= 50%, "POOR", IF(global_freelancer_raw!$M70 <= 70%, "GOOD", "EXCELLENT")) -> EXCELLENT
A71: FL250070 | B71: Gina Thompson | C71: Female | D71: 60 | E71: {=INDEX(global_freelancer_raw!$C$2:$C$1001, MODE(MATCH(global_freelancer_raw!$C$2:$C$1001, global_freelancer_raw!$C$2:$C$1001, 0)))} -> Male | F71: China | G71: Mandarin | H71: UI/UX Design | I71: 38 | J71: 20 | K71: 2 | L71: FALSE | M71: 0.71 | N71: Pending | O71: Inactive | P71: 19 | Q71: 7 | R71: =IF(global_freelancer_raw!$Q71 < 7, "Short Duration", IF(global_freelancer_raw!$Q71 <= 12, "Medium Duration", "Long Duration")) -> Medium Duration | S71: =IF(global_freelancer_raw!$M71 <= 50%, "POOR", IF(global_freelancer_raw!$M71 <= 70%, "GOOD", "EXCELLENT")) -> EXCELLENT
A72: FL250071 | B72: Yvonne Berg | C72: Female | D72: 33 | E72: {=INDEX(global_freelancer_raw!$C$2:$C$1001, MODE(MATCH(global_freelancer_raw!$C$2:$C$1001, global_freelancer_raw!$C$2:$C$1001, 0)))} -> Male | F72: South Africa | G72: Afrikaans | H72: Mobile Apps | I72: 11 | J72: 52.461369 | K72: 2.5125695 | L72: TRUE | M72: 0.84 | N72: Reviewed | O72: Inactive | P72: 6 | Q72: 3 | R72: =IF(global_freelancer_raw!$Q72 < 7, "Short Duration", IF(global_freelancer_raw!$Q72 <= 12, "Medium Duration", "Long Duration")) -> Short Duration | S72: =IF(global_freelancer_raw!$M72 <= 50%, "POOR", IF(global_freelancer_raw!$M72 <= 70%, "GOOD", "EXCELLENT")) -> EXCELLENT
A73: FL250072 | B73: Thomas Miller | C73: Male | D73: 60 | E73: {=INDEX(global_freelancer_raw!$C$2:$C$1001, MODE(MATCH(global_freelancer_raw!$C$2:$C$1001, global_freelancer_raw!$C$2:$C$1001, 0)))} -> Male | F73: Italy | G73: Italian | H73: DevOps | I73: 13 | J73: 50 | K73: 1 | L73: FALSE | M73: 0.79 | N73: Pending | O73: On Hold | P73: 15 | Q73: 1 | R73: =IF(global_freelancer_raw!$Q73 < 7, "Short Duration", IF(global_freelancer_raw!$Q73 <= 12, "Medium Duration", "Long Duration")) -> Short Duration | S73: =IF(global_freelancer_raw!$M73 <= 50%, "POOR", IF(global_freelancer_raw!$M73 <= 70%, "GOOD", "EXCELLENT")) -> EXCELLENT
A74: FL250073 | B74: Nicholas Burton | C74: Male | D74: 40 | E74: {=INDEX(global_freelancer_raw!$C$2:$C$1001, MODE(MATCH(global_freelancer_raw!$C$2:$C$1001, global_freelancer_raw!$C$2:$C$1001, 0)))} -> Male | F74: US | G74: English | H74: Web Development | I74: 9 | J74: 100 | K74: 4.5 | L74: TRUE | M74: 0.69 | N74: Pending | O74: Inactive | P74: 11 | Q74: 10 | R74: =IF(global_freelancer_raw!$Q74 < 7, "Short Duration", IF(global_freelancer_raw!$Q74 <= 12, "Medium Duration", "Long Duration")) -> Medium Duration | S74: =IF(global_freelancer_raw!$M74 <= 50%, "POOR", IF(global_freelancer_raw!$M74 <= 70%, "GOOD", "EXCELLENT")) -> GOOD
A75: FL250074 | B75: Jorge Riley | C75: Male | D75: 59 | E75: {=INDEX(global_freelancer_raw!$C$2:$C$1001, MODE(MATCH(global_freelancer_raw!$C$2:$C$1001, global_freelancer_raw!$C$2:$C$1001, 0)))} -> Male | F75: Australia | G75: English | H75: Blockchain Development | I75: 4 | J75: 52.461369 | K75: 1.9 | L75: FALSE | M75: 0.88 | N75: Follow-up | O75: Active | P75: 5 | Q75: 1 | R75: =IF(global_freelancer_raw!$Q75 < 7, "Short Duration", IF(global_freelancer_raw!$Q75 <= 12, "Medium Duration", "Long Duration")) -> Short Duration | S75: =IF(global_freelancer_raw!$M75 <= 50%, "POOR", IF(global_freelancer_raw!$M75 <= 70%, "GOOD", "EXCELLENT")) -> EXCELLENT
A76: FL250075 | B76: Melvin Harris | C76: Male | D76: 36 | E76: {=INDEX(global_freelancer_raw!$C$2:$C$1001, MODE(MATCH(global_freelancer_raw!$C$2:$C$1001, global_freelancer_raw!$C$2:$C$1001, 0)))} -> Male | G76: Italian | H76: Machine Learning | I76: 14 | J76: 100 | K76: 3.7 | L76: FALSE | M76: 0.79 | N76: Reviewed | O76: Completed | P76: 9 | Q76: 5 | R76: =IF(global_freelancer_raw!$Q76 < 7, "Short Duration", IF(global_freelancer_raw!$Q76 <= 12, "Medium Duration", "Long Duration")) -> Short Duration | S76: =IF(global_freelancer_raw!$M76 <= 50%, "POOR", IF(global_freelancer_raw!$M76 <= 70%, "GOOD", "EXCELLENT")) -> EXCELLENT
A77: FL250076 | B77: Jeremy Meyer | C77: Male | D77: 32 | E77: {=INDEX(global_freelancer_raw!$C$2:$C$1001, MODE(MATCH(global_freelancer_raw!$C$2:$C$1001, global_freelancer_raw!$C$2:$C$1001, 0)))} -> Male | F77: India | G77: Hindi | H77: Data Analysis | I77: 0 | J77: 30 | K77: 1.9 | L77: TRUE | M77: 0.96 | N77: Urgent | O77: Completed | P77: 2 | Q77: 2 | R77: =IF(global_freelancer_raw!$Q77 < 7, "Short Duration", IF(global_freelancer_raw!$Q77 <= 12, "Medium Duration", "Long Duration")) -> Short Duration | S77: =IF(global_freelancer_raw!$M77 <= 50%, "POOR", IF(global_freelancer_raw!$M77 <= 70%, "GOOD", "EXCELLENT")) -> EXCELLENT
A78: FL250077 | B78: Timothy Lee | C78: Male | D78: 59 | E78: {=INDEX(global_freelancer_raw!$C$2:$C$1001, MODE(MATCH(global_freelancer_raw!$C$2:$C$1001, global_freelancer_raw!$C$2:$C$1001, 0)))} -> Male | F78: Australia | G78: English | H78: AI | I78: 9 | J78: 75 | K78: 4 | L78: TRUE | M78: 0.96 | N78: Pending | O78: Active | P78: 14 | Q78: 5 | R78: =IF(global_freelancer_raw!$Q78 < 7, "Short Duration", IF(global_freelancer_raw!$Q78 <= 12, "Medium Duration", "Long Duration")) -> Short Duration | S78: =IF(global_freelancer_raw!$M78 <= 50%, "POOR", IF(global_freelancer_raw!$M78 <= 70%, "GOOD", "EXCELLENT")) -> EXCELLENT
A79: FL250078 | B79: Diana Bautista | C79: Female | D79: 54 | E79: {=INDEX(global_freelancer_raw!$C$2:$C$1001, MODE(MATCH(global_freelancer_raw!$C$2:$C$1001, global_freelancer_raw!$C$2:$C$1001, 0)))} -> Male | F79: Spain | G79: Spanish | H79: DevOps | I79: 32 | J79: 40 | K79: 1.8 | L79: FALSE | M79: 0.79 | N79: Reviewed | O79: On Hold | P79: 10 | Q79: 7 | R79: =IF(global_freelancer_raw!$Q79 < 7, "Short Duration", IF(global_freelancer_raw!$Q79 <= 12, "Medium Duration", "Long Duration")) -> Medium Duration | S79: =IF(global_freelancer_raw!$M79 <= 50%, "POOR", IF(global_freelancer_raw!$M79 <= 70%, "GOOD", "EXCELLENT")) -> EXCELLENT
A80: FL250079 | B80: Leslie Rodriguez | C80: Female | D80: 37 | E80: {=INDEX(global_freelancer_raw!$C$2:$C$1001, MODE(MATCH(global_freelancer_raw!$C$2:$C$1001, global_freelancer_raw!$C$2:$C$1001, 0)))} -> Male | F80: Canada | G80: English | H80: Graphic Design | I80: 9 | J80: 52.461369 | K80: 0 | L80: TRUE | M80: 0.89 | N80: Follow-up | O80: On Hold | P80: 14 | Q80: 6 | R80: =IF(global_freelancer_raw!$Q80 < 7, "Short Duration", IF(global_freelancer_raw!$Q80 <= 12, "Medium Duration", "Long Duration")) -> Short Duration | S80: =IF(global_freelancer_raw!$M80 <= 50%, "POOR", IF(global_freelancer_raw!$M80 <= 70%, "GOOD", "EXCELLENT")) -> EXCELLENT
A81: FL250080 | B81: Noah Wiggins | C81: Male | D81: 54 | E81: {=INDEX(global_freelancer_raw!$C$2:$C$1001, MODE(MATCH(global_freelancer_raw!$C$2:$C$1001, global_freelancer_raw!$C$2:$C$1001, 0)))} -> Male | F81: India | G81: Hindi | H81: Machine Learning | I81: 21 | J81: 100 | K81: 4.6 | L81: FALSE | M81: 0.79 | N81: Urgent | O81: Completed | P81: 20 | Q81: 3 | R81: =IF(global_freelancer_raw!$Q81 < 7, "Short Duration", IF(global_freelancer_raw!$Q81 <= 12, "Medium Duration", "Long Duration")) -> Short Duration | S81: =IF(global_freelancer_raw!$M81 <= 50%, "POOR", IF(global_freelancer_raw!$M81 <= 70%, "GOOD", "EXCELLENT")) -> EXCELLENT
A82: FL250081 | B82: Bridget Williams | C82: Female | D82: 33 | E82: {=INDEX(global_freelancer_raw!$C$2:$C$1001, MODE(MATCH(global_freelancer_raw!$C$2:$C$1001, global_freelancer_raw!$C$2:$C$1001, 0)))} -> Male | F82: Argentina | G82: Spanish | H82: UI/UX Design | I82: 12 | J82: 100 | K82: 3.6 | L82: FALSE | M82: 0.63 | N82: Reviewed | O82: Inactive | P82: 10 | Q82: 2 | R82: =IF(global_freelancer_raw!$Q82 < 7, "Short Duration", IF(global_freelancer_raw!$Q82 <= 12, "Medium Duration", "Long Duration")) -> Short Duration | S82: =IF(global_freelancer_raw!$M82 <= 50%, "POOR", IF(global_freelancer_raw!$M82 <= 70%, "GOOD", "EXCELLENT")) -> GOOD
A83: FL250082 | B83: Veronica Baker | C83: Female | D83: 25 | E83: {=INDEX(global_freelancer_raw!$C$2:$C$1001, MODE(MATCH(global_freelancer_raw!$C$2:$C$1001, global_freelancer_raw!$C$2:$C$1001, 0)))} -> Male | F83: Egypt | G83: Arabic | H83: Web Development | I83: 7 | J83: 40 | K83: 4.4 | L83: Unknown | M83: 0.81 | N83: Urgent | O83: On Hold | P83: 11 | Q83: 8 | R83: =IF(global_freelancer_raw!$Q83 < 7, "Short Duration", IF(global_freelancer_raw!$Q83 <= 12, "Medium Duration", "Long Duration")) -> Medium Duration | S83: =IF(global_freelancer_raw!$M83 <= 50%, "POOR", IF(global_freelancer_raw!$M83 <= 70%, "GOOD", "EXCELLENT")) -> EXCELLENT
A84: FL250083 | B84: Andrew Avila | C84: Male | E84: {=INDEX(global_freelancer_raw!$C$2:$C$1001, MODE(MATCH(global_freelancer_raw!$C$2:$C$1001, global_freelancer_raw!$C$2:$C$1001, 0)))} -> Male | F84: China | G84: Mandarin | H84: DevOps | I84: 3 | J84: 40 | K84: 4.6 | L84: FALSE | M84: 0.74 | N84: Urgent | O84: On Hold | P84: 1 | Q84: 1 | R84: =IF(global_freelancer_raw!$Q84 < 7, "Short Duration", IF(global_freelancer_raw!$Q84 <= 12, "Medium Duration", "Long Duration")) -> Short Duration | S84: =IF(global_freelancer_raw!$M84 <= 50%, "POOR", IF(global_freelancer_raw!$M84 <= 70%, "GOOD", "EXCELLENT")) -> EXCELLENT
A85: FL250084 | B85: Michael Roberson | C85: Male | D85: 35 | E85: {=INDEX(global_freelancer_raw!$C$2:$C$1001, MODE(MATCH(global_freelancer_raw!$C$2:$C$1001, global_freelancer_raw!$C$2:$C$1001, 0)))} -> Male | F85: South Korea | G85: Korean | H85: Web Development | I85: 5 | J85: 75 | K85: 3.2 | L85: FALSE | M85: 0.72 | N85: Urgent | O85: Active | P85: 2 | Q85: 1 | R85: =IF(global_freelancer_raw!$Q85 < 7, "Short Duration", IF(global_freelancer_raw!$Q85 <= 12, "Medium Duration", "Long Duration")) -> Short Duration | S85: =IF(global_freelancer_raw!$M85 <= 50%, "POOR", IF(global_freelancer_raw!$M85 <= 70%, "GOOD", "EXCELLENT")) -> EXCELLENT
A86: FL250085 | B86: Austin Jenkins | C86: Male | D86: 59 | E86: {=INDEX(global_freelancer_raw!$C$2:$C$1001, MODE(MATCH(global_freelancer_raw!$C$2:$C$1001, global_freelancer_raw!$C$2:$C$1001, 0)))} -> Male | F86: South Korea | G86: Korean | H86: AI | I86: 30 | J86: 40 | K86: 0 | L86: TRUE | M86: 0.79 | N86: Pending | O86: Active | P86: 13 | Q86: 13 | R86: =IF(global_freelancer_raw!$Q86 < 7, "Short Duration", IF(global_freelancer_raw!$Q86 <= 12, "Medium Duration", "Long Duration")) -> Long Duration | S86: =IF(global_freelancer_raw!$M86 <= 50%, "POOR", IF(global_freelancer_raw!$M86 <= 70%, "GOOD", "EXCELLENT")) -> EXCELLENT
A87: FL250086 | B87: Brenda Green | C87: Female | D87: 21 | E87: {=INDEX(global_freelancer_raw!$C$2:$C$1001, MODE(MATCH(global_freelancer_raw!$C$2:$C$1001, global_freelancer_raw!$C$2:$C$1001, 0)))} -> Male | F87: China | G87: Mandarin | H87: DevOps | I87: 2 | J87: 100 | K87: 2.6 | L87: TRUE | M87: 0.85 | N87: Pending | O87: Inactive | P87: 5 | Q87: 3 | R87: =IF(global_freelancer_raw!$Q87 < 7, "Short Duration", IF(global_freelancer_raw!$Q87 <= 12, "Medium Duration", "Long Duration")) -> Short Duration | S87: =IF(global_freelancer_raw!$M87 <= 50%, "POOR", IF(global_freelancer_raw!$M87 <= 70%, "GOOD", "EXCELLENT")) -> EXCELLENT
A88: FL250087 | B88: Samuel Pierce | C88: Male | D88: 25 | E88: {=INDEX(global_freelancer_raw!$C$2:$C$1001, MODE(MATCH(global_freelancer_raw!$C$2:$C$1001, global_freelancer_raw!$C$2:$C$1001, 0)))} -> Male | F88: US | G88: English | H88: Mobile Apps | I88: 2 | J88: 75 | K88: 3.7 | L88: FALSE | M88: 0.79 | N88: Follow-up | O88: On Hold | P88: 1 | Q88: 1 | R88: =IF(global_freelancer_raw!$Q88 < 7, "Short Duration", IF(global_freelancer_raw!$Q88 <= 12, "Medium Duration", "Long Duration")) -> Short Duration | S88: =IF(global_freelancer_raw!$M88 <= 50%, "POOR", IF(global_freelancer_raw!$M88 <= 70%, "GOOD", "EXCELLENT")) -> EXCELLENT
A89: FL250088 | B89: Briana Smith | C89: Female | D89: 38 | E89: {=INDEX(global_freelancer_raw!$C$2:$C$1001, MODE(MATCH(global_freelancer_raw!$C$2:$C$1001, global_freelancer_raw!$C$2:$C$1001, 0)))} -> Male | F89: Mexico | G89: Spanish | H89: Web Development | I89: 19 | J89: 75 | K89: 2.3 | L89: FALSE | M89: 0.61 | N89: Follow-up | O89: On Hold | P89: 20 | Q89: 9 | R89: =IF(global_freelancer_raw!$Q89 < 7, "Short Duration", IF(global_freelancer_raw!$Q89 <= 12, "Medium Duration", "Long Duration")) -> Medium Duration | S89: =IF(global_freelancer_raw!$M89 <= 50%, "POOR", IF(global_freelancer_raw!$M89 <= 70%, "GOOD", "EXCELLENT")) -> GOOD
A90: FL250089 | B90: Ronald Barrett | C90: Male | D90: 57 | E90: {=INDEX(global_freelancer_raw!$C$2:$C$1001, MODE(MATCH(global_freelancer_raw!$C$2:$C$1001, global_freelancer_raw!$C$2:$C$1001, 0)))} -> Male | F90: Russia | G90: Russian | H90: AI | I90: 16 | J90: 100 | K90: 3.1 | L90: FALSE | M90: 0.79 | N90: Reviewed | O90: Active | P90: 18 | Q90: 4 | R90: =IF(global_freelancer_raw!$Q90 < 7, "Short Duration", IF(global_freelancer_raw!$Q90 <= 12, "Medium Duration", "Long Duration")) -> Short Duration | S90: =IF(global_freelancer_raw!$M90 <= 50%, "POOR", IF(global_freelancer_raw!$M90 <= 70%, "GOOD", "EXCELLENT")) -> EXCELLENT
A91: FL250090 | B91: Matthew Smith | C91: Male | D91: 32 | E91: {=INDEX(global_freelancer_raw!$C$2:$C$1001, MODE(MATCH(global_freelancer_raw!$C$2:$C$1001, global_freelancer_raw!$C$2:$C$1001, 0)))} -> Male | F91: India | G91: Hindi | H91: Mobile Apps | I91: 10 | J91: 20 | K91: 2.4 | L91: FALSE | M91: 0.86 | N91: Follow-up | O91: On Hold | P91: 9 | Q91: 3 | R91: =IF(global_freelancer_raw!$Q91 < 7, "Short Duration", IF(global_freelancer_raw!$Q91 <= 12, "Medium Duration", "Long Duration")) -> Short Duration | S91: =IF(global_freelancer_raw!$M91 <= 50%, "POOR", IF(global_freelancer_raw!$M91 <= 70%, "GOOD", "EXCELLENT")) -> EXCELLENT
A92: FL250091 | B92: Logan Huang | C92: Male | D92: 21 | E92: {=INDEX(global_freelancer_raw!$C$2:$C$1001, MODE(MATCH(global_freelancer_raw!$C$2:$C$1001, global_freelancer_raw!$C$2:$C$1001, 0)))} -> Male | F92: Italy | G92: Italian | H92: DevOps | I92: 2 | J92: 100 | K92: 1.6 | L92: TRUE | M92: 0.97 | N92: Urgent | O92: Completed | P92: 4 | Q92: 2 | R92: =IF(global_freelancer_raw!$Q92 < 7, "Short Duration", IF(global_freelancer_raw!$Q92 <= 12, "Medium Duration", "Long Duration")) -> Short Duration | S92: =IF(global_freelancer_raw!$M92 <= 50%, "POOR", IF(global_freelancer_raw!$M92 <= 70%, "GOOD", "EXCELLENT")) -> EXCELLENT
A93: FL250092 | B93: Miranda Hutchinson | C93: Female | D93: 57 | E93: {=INDEX(global_freelancer_raw!$C$2:$C$1001, MODE(MATCH(global_freelancer_raw!$C$2:$C$1001, global_freelancer_raw!$C$2:$C$1001, 0)))} -> Male | F93: Canada | G93: English | H93: Cybersecurity | I93: 18 | J93: 50 | K93: 2.4 | L93: TRUE | M93: 0.63 | N93: Urgent | O93: Active | P93: 11 | Q93: 9 | R93: =IF(global_freelancer_raw!$Q93 < 7, "Short Duration", IF(global_freelancer_raw!$Q93 <= 12, "Medium Duration", "Long Duration")) -> Medium Duration | S93: =IF(global_freelancer_raw!$M93 <= 50%, "POOR", IF(global_freelancer_raw!$M93 <= 70%, "GOOD", "EXCELLENT")) -> GOOD
A94: FL250093 | B94: Paul Richardson | C94: Male | D94: 53 | E94: {=INDEX(global_freelancer_raw!$C$2:$C$1001, MODE(MATCH(global_freelancer_raw!$C$2:$C$1001, global_freelancer_raw!$C$2:$C$1001, 0)))} -> Male | F94: China | G94: Mandarin | H94: UI/UX Design | I94: 21 | J94: 100 | K94: 2.5125695 | L94: TRUE | M94: 0.97 | N94: Pending | O94: Inactive | P94: 20 | Q94: 10 | R94: =IF(global_freelancer_raw!$Q94 < 7, "Short Duration", IF(global_freelancer_raw!$Q94 <= 12, "Medium Duration", "Long Duration")) -> Medium Duration | S94: =IF(global_freelancer_raw!$M94 <= 50%, "POOR", IF(global_freelancer_raw!$M94 <= 70%, "GOOD", "EXCELLENT")) -> EXCELLENT
A95: FL250094 | B95: Jose Jones | C95: Male | D95: 35 | E95: {=INDEX(global_freelancer_raw!$C$2:$C$1001, MODE(MATCH(global_freelancer_raw!$C$2:$C$1001, global_freelancer_raw!$C$2:$C$1001, 0)))} -> Male | F95: Russia | G95: Russian | H95: Blockchain Development | I95: 3 | J95: 30 | K95: 3.8 | L95: TRUE | M95: 0.81 | N95: Urgent | O95: Active | P95: 3 | Q95: 2 | R95: =IF(global_freelancer_raw!$Q95 < 7, "Short Duration", IF(global_freelancer_raw!$Q95 <= 12, "Medium Duration", "Long Duration")) -> Short Duration | S95: =IF(global_freelancer_raw!$M95 <= 50%, "POOR", IF(global_freelancer_raw!$M95 <= 70%, "GOOD", "EXCELLENT")) -> EXCELLENT
A96: FL250095 | B96: Denise Smith | C96: Female | D96: 54 | E96: {=INDEX(global_freelancer_raw!$C$2:$C$1001, MODE(MATCH(global_freelancer_raw!$C$2:$C$1001, global_freelancer_raw!$C$2:$C$1001, 0)))} -> Male | F96: China | G96: Mandarin | H96: Machine Learning | I96: 17 | J96: 20 | K96: 1.7 | L96: FALSE | M96: 0.69 | N96: Reviewed | O96: On Hold | P96: 17 | Q96: 15 | R96: =IF(global_freelancer_raw!$Q96 < 7, "Short Duration", IF(global_freelancer_raw!$Q96 <= 12, "Medium Duration", "Long Duration")) -> Long Duration | S96: =IF(global_freelancer_raw!$M96 <= 50%, "POOR", IF(global_freelancer_raw!$M96 <= 70%, "GOOD", "EXCELLENT")) -> GOOD
... A99: FL250098 | B99: David Ortiz | C99: Male | D99: 37 | E99: {=INDEX(global_freelancer_raw!$C$2:$C$1001, MODE(MATCH(global_freelancer_raw!$C$2:$C$1001, global_freelancer_raw!$C$2:$C$1001, 0)))} -> Male | F99: US | G99: English | H99: Blockchain Development | I99: 17 | J99: 20 | K99: 3.3 | L99: FALSE | M99: 0.96 | N99: Reviewed | O99: Completed | P99: 20 | Q99: 11 | R99: =IF(global_freelancer_raw!$Q99 < 7, "Short Duration", IF(global_freelancer_raw!$Q99 <= 12, "Medium Duration", "Long Duration")) -> Medium Duration | S99: =IF(global_freelancer_raw!$M99 <= 50%, "POOR", IF(global_freelancer_raw!$M99 <= 70%, "GOOD", "EXCELLENT")) -> EXCELLENT
A100: FL250099 | B100: Andrew Lynch | C100: Male | E100: {=INDEX(global_freelancer_raw!$C$2:$C$1001, MODE(MATCH(global_freelancer_raw!$C$2:$C$1001, global_freelancer_raw!$C$2:$C$1001, 0)))} -> Male | F100: US | G100: English | H100: UI/UX Design | I100: 5 | J100: 20 | K100: 1.1 | L100: FALSE | M100: 0.74 | N100: Follow-up | O100: Completed | P100: 2 | Q100: 1 | R100: =IF(global_freelancer_raw!$Q100 < 7, "Short Duration", IF(global_freelancer_raw!$Q100 <= 12, "Medium Duration", "Long Duration")) -> Short Duration | S100: =IF(global_freelancer_raw!$M100 <= 50%, "POOR", IF(global_freelancer_raw!$M100 <= 70%, "GOOD", "EXCELLENT")) -> EXCELLENT
A101: FL250100 | B101: Kristopher Meyers | C101: Male | D101: 32 | E101: {=INDEX(global_freelancer_raw!$C$2:$C$1001, MODE(MATCH(global_freelancer_raw!$C$2:$C$1001, global_freelancer_raw!$C$2:$C$1001, 0)))} -> Male | F101: Egypt | G101: Arabic | H101: UI/UX Design | I101: 10 | J101: 50 | K101: 1.2 | L101: FALSE | M101: 0.89 | N101: Follow-up | O101: Active | P101: 8 | Q101: 12 | R101: =IF(global_freelancer_raw!$Q101 < 7, "Short Duration", IF(global_freelancer_raw!$Q101 <= 12, "Medium Duration", "Long Duration")) -> Medium Duration | S101: =IF(global_freelancer_raw!$M101 <= 50%, "POOR", IF(global_freelancer_raw!$M101 <= 70%, "GOOD", "EXCELLENT")) -> EXCELLENT
A102: FL250101 | B102: Thomas Roth | C102: Male | D102: 35 | E102: {=INDEX(global_freelancer_raw!$C$2:$C$1001, MODE(MATCH(global_freelancer_raw!$C$2:$C$1001, global_freelancer_raw!$C$2:$C$1001, 0)))} -> Male | F102: India | G102: Hindi | H102: Mobile Apps | I102: 0 | J102: 52.461369 | K102: 2 | L102: TRUE | M102: 0.64 | N102: Reviewed | O102: Completed | P102: 4 | Q102: 1 | R102: =IF(global_freelancer_raw!$Q102 < 7, "Short Duration", IF(global_freelancer_raw!$Q102 <= 12, "Medium Duration", "Long Duration")) -> Short Duration | S102: =IF(global_freelancer_raw!$M102 <= 50%, "POOR", IF(global_freelancer_raw!$M102 <= 70%, "GOOD", "EXCELLENT")) -> GOOD
...

Sheet global_freelancer-quick ana
A1: freelancer_ID | B1: name | C1: gender | D1: age | E1: Index and Match Mode gender | F1: country | G1: language | H1: primary_skill | I1: years_of_experience | J1: hourly_rate (USD) | K1: rating | L1: is_active | M1: client_satisfaction | N1: Notes | O1: Status | P1: no of projects | Q1: duration_months | R1: Duration Period | S1: Client satisfaction analysis | T1: Sum
A2: FL250001 | B2: Ms. Nicole Kidd | C2: Female | D2: 52 | F2: Italy | G2: Italian | H2: Blockchain Development | I2: 11 | J2: 100 | K2: 2.5125695 | L2: FALSE | M2: 0.79 | N2: Reviewed | O2: On Hold | P2: 13 | Q2: 6 | R2: =IF('global_freelancer-quick ana'!$Q2 < 7, "Short Duration", IF('global_freelancer-quick ana'!$Q2 <= 12, "Medium Duration", "Long Duration")) -> Short Duration | S2: =IF('global_freelancer-quick ana'!$M2 <= 50%, "POOR", IF('global_freelancer-quick ana'!$M2 <= 70%, "GOOD", "EXCELLENT")) -> EXCELLENT | T2: =SUM(B2:S2) -> 185.30257
A3: FL250002 | B3: Vanessa Garcia | C3: Female | D3: 52 | E3: {=INDEX('global_freelancer-quick ana'!$C$2:$C$1001, MODE(MATCH('global_freelancer-quick ana'!$C$2:$C$1001, 'global_freelancer-quick ana'!$C$2:$C$1001, 0)))} -> Male | F3: Australia | G3: English | H3: Mobile Apps | I3: 34 | J3: 100 | K3: 3.3 | L3: TRUE | M3: 0.84 | N3: Reviewed | O3: Completed | P3: 10 | Q3: 7 | R3: =IF('global_freelancer-quick ana'!$Q3 < 7, "Short Duration", IF('global_freelancer-quick ana'!$Q3 <= 12, "Medium Duration", "Long Duration")) -> Medium Duration | S3: =IF('global_freelancer-quick ana'!$M3 <= 50%, "POOR", IF('global_freelancer-quick ana'!$M3 <= 70%, "GOOD", "EXCELLENT")) -> EXCELLENT | T3: =SUM(B3:S3) -> 207.14
A4: FL250003 | B4: Juan Nelson | C4: Male | D4: 53 | E4: {=INDEX('global_freelancer-quick ana'!$C$2:$C$1001, MODE(MATCH('global_freelancer-quick ana'!$C$2:$C$1001, 'global_freelancer-quick ana'!$C$2:$C$1001, 0)))} -> Male | F4: Germany | G4: Germany | H4: Graphic Design | I4: 31 | J4: 50 | K4: 0 | L4: FALSE | M4: 0.71 | N4: Reviewed | O4: Active | P4: 16 | Q4: 16 | R4: =IF('global_freelancer-quick ana'!$Q4 < 7, "Short Duration", IF('global_freelancer-quick ana'!$Q4 <= 12, "Medium Duration", "Long Duration")) -> Long Duration | S4: =IF('global_freelancer-quick ana'!$M4 <= 50%, "POOR", IF('global_freelancer-quick ana'!$M4 <= 70%, "GOOD", "EXCELLENT")) -> EXCELLENT | T4: =SUM(B4:S4) -> 166.71
A5: FL250004 | B5: Amanda Spencer | C5: Female | D5: 38 | E5: {=INDEX('global_freelancer-quick ana'!$C$2:$C$1001, MODE(MATCH('global_freelancer-quick ana'!$C$2:$C$1001, 'global_freelancer-quick ana'!$C$2:$C$1001, 0)))} -> Male | F5: Australia | G5: English | H5: Web Development | I5: 4 | J5: 40 | K5: 1.5 | L5: FALSE | M5: 0.9 | N5: Reviewed | O5: Completed | P5: 5 | Q5: 1 | R5: =IF('global_freelancer-quick ana'!$Q5 < 7, "Short Duration", IF('global_freelancer-quick ana'!$Q5 <= 12, "Medium Duration", "Long Duration")) -> Short Duration | S5: =IF('global_freelancer-quick ana'!$M5 <= 50%, "POOR", IF('global_freelancer-quick ana'!$M5 <= 70%, "GOOD", "EXCELLENT")) -> EXCELLENT | T5: =SUM(B5:S5) -> 90.4
A6: FL250005 | B6: Lynn Curtis DDS | C6: Female | D6: 53 | E6: {=INDEX('global_freelancer-quick ana'!$C$2:$C$1001, MODE(MATCH('global_freelancer-quick ana'!$C$2:$C$1001, 'global_freelancer-quick ana'!$C$2:$C$1001, 0)))} -> Male | F6: Germany | G6: Germany | I6: 27 | J6: 30 | K6: 4.8 | L6: FALSE | M6: 0.83 | N6: Reviewed | O6: On Hold | P6: 13 | Q6: 3 | R6: =IF('global_freelancer-quick ana'!$Q6 < 7, "Short Duration", IF('global_freelancer-quick ana'!$Q6 <= 12, "Medium Duration", "Long Duration")) -> Short Duration | S6: =IF('global_freelancer-quick ana'!$M6 <= 50%, "POOR", IF('global_freelancer-quick ana'!$M6 <= 70%, "GOOD", "EXCELLENT")) -> EXCELLENT | T6: =SUM(B6:S6) -> 131.63
A7: FL250006 | B7: Lisa Johnson | C7: Female | D7: 59 | E7: {=INDEX('global_freelancer-quick ana'!$C$2:$C$1001, MODE(MATCH('global_freelancer-quick ana'!$C$2:$C$1001, 'global_freelancer-quick ana'!$C$2:$C$1001, 0)))} -> Male | F7: Netherlands | G7: Dutch | H7: AI | I7: 14 | J7: 30 | K7: 2.4 | L7: FALSE | M7: 0.79 | N7: Urgent | O7: Active | P7: 8 | Q7: 3 | R7: =IF('global_freelancer-quick ana'!$Q7 < 7, "Short Duration", IF('global_freelancer-quick ana'!$Q7 <= 12, "Medium Duration", "Long Duration")) -> Short Duration | S7: =IF('global_freelancer-quick ana'!$M7 <= 50%, "POOR", IF('global_freelancer-quick ana'!$M7 <= 70%, "GOOD", "EXCELLENT")) -> EXCELLENT | T7: =SUM(B7:S7) -> 117.19
A8: FL250007 | B8: Eric Myers | C8: Male | D8: 52 | E8: {=INDEX('global_freelancer-quick ana'!$C$2:$C$1001, MODE(MATCH('global_freelancer-quick ana'!$C$2:$C$1001, 'global_freelancer-quick ana'!$C$2:$C$1001, 0)))} -> Male | F8: Indonesia | G8: Indonesian | H8: Data Analysis | I8: 10 | J8: 75 | K8: 3.1 | L8: FALSE | M8: 0.94 | N8: Reviewed | O8: On Hold | P8: 10 | Q8: 3 | R8: =IF('global_freelancer-quick ana'!$Q8 < 7, "Short Duration", IF('global_freelancer-quick ana'!$Q8 <= 12, "Medium Duration", "Long Duration")) -> Short Duration | S8: =IF('global_freelancer-quick ana'!$M8 <= 50%, "POOR", IF('global_freelancer-quick ana'!$M8 <= 70%, "GOOD", "EXCELLENT")) -> EXCELLENT | T8: =SUM(B8:S8) -> 154.04
A9: FL250008 | B9: Ricky Graham | C9: Male | D9: 43 | E9: {=INDEX('global_freelancer-quick ana'!$C$2:$C$1001, MODE(MATCH('global_freelancer-quick ana'!$C$2:$C$1001, 'global_freelancer-quick ana'!$C$2:$C$1001, 0)))} -> Male | F9: Italy | G9: Italian | H9: Blockchain Development | I9: 14 | J9: 40 | K9: 4.6 | L9: FALSE | M9: 0.94 | N9: Urgent | O9: On Hold | P9: 7 | Q9: 10 | R9: =IF('global_freelancer-quick ana'!$Q9 < 7, "Short Duration", IF('global_freelancer-quick ana'!$Q9 <= 12, "Medium Duration", "Long Duration")) -> Medium Duration | S9: =IF('global_freelancer-quick ana'!$M9 <= 50%, "POOR", IF('global_freelancer-quick ana'!$M9 <= 70%, "GOOD", "EXCELLENT")) -> EXCELLENT | T9: =SUM(B9:S9) -> 119.54
A10: FL250009 | B10: Sean Martin | C10: Male | D10: 26 | E10: {=INDEX('global_freelancer-quick ana'!$C$2:$C$1001, MODE(MATCH('global_freelancer-quick ana'!$C$2:$C$1001, 'global_freelancer-quick ana'!$C$2:$C$1001, 0)))} -> Male | F10: US | G10: English | H10: Blockchain Development | I10: 4 | K10: 4 | L10: TRUE | M10: 0.76 | N10: Reviewed | O10: Inactive | P10: 2 | Q10: 4 | R10: =IF('global_freelancer-quick ana'!$Q10 < 7, "Short Duration", IF('global_freelancer-quick ana'!$Q10 <= 12, "Medium Duration", "Long Duration")) -> Short Duration | S10: =IF('global_freelancer-quick ana'!$M10 <= 50%, "POOR", IF('global_freelancer-quick ana'!$M10 <= 70%, "GOOD", "EXCELLENT")) -> EXCELLENT | T10: =SUM(B10:S10) -> 40.76
A11: FL250010 | B11: Matthew Lloyd | C11: Male | D11: 52 | E11: {=INDEX('global_freelancer-quick ana'!$C$2:$C$1001, MODE(MATCH('global_freelancer-quick ana'!$C$2:$C$1001, 'global_freelancer-quick ana'!$C$2:$C$1001, 0)))} -> Male | F11: Turkey | G11: Turkish | H11: AI | I11: 22 | J11: 50 | K11: 2.5125695 | L11: TRUE | M11: 0.79 | N11: Pending | O11: Active | P11: 16 | Q11: 5 | R11: =IF('global_freelancer-quick ana'!$Q11 < 7, "Short Duration", IF('global_freelancer-quick ana'!$Q11 <= 12, "Medium Duration", "Long Duration")) -> Short Duration | S11: =IF('global_freelancer-quick ana'!$M11 <= 50%, "POOR", IF('global_freelancer-quick ana'!$M11 <= 70%, "GOOD", "EXCELLENT")) -> EXCELLENT | T11: =SUM(B11:S11) -> 148.30257
A12: FL250011 | B12: Gavin Randall | C12: Male | D12: 40 | E12: {=INDEX('global_freelancer-quick ana'!$C$2:$C$1001, MODE(MATCH('global_freelancer-quick ana'!$C$2:$C$1001, 'global_freelancer-quick ana'!$C$2:$C$1001, 0)))} -> Male | F12: UK | G12: English | H12: Data Analysis | I12: 17 | J12: 40 | K12: 3.6 | L12: TRUE | M12: 0.77 | N12: Follow-up | O12: Inactive | P12: 20 | Q12: 5 | R12: =IF('global_freelancer-quick ana'!$Q12 < 7, "Short Duration", IF('global_freelancer-quick ana'!$Q12 <= 12, "Medium Duration", "Long Duration")) -> Short Duration | S12: =IF('global_freelancer-quick ana'!$M12 <= 50%, "POOR", IF('global_freelancer-quick ana'!$M12 <= 70%, "GOOD", "EXCELLENT")) -> EXCELLENT | T12: =SUM(B12:S12) -> 86.37
A13: FL250012 | B13: Michelle Curtis | C13: Female | D13: 55 | E13: {=INDEX('global_freelancer-quick ana'!$C$2:$C$1001, MODE(MATCH('global_freelancer-quick ana'!$C$2:$C$1001, 'global_freelancer-quick ana'!$C$2:$C$1001, 0)))} -> Male | F13: Argentina | G13: Spanish | H13: UI/UX Design | I13: 15 | K13: 2.5125695 | L13: TRUE | M13: 0.86 | N13: Urgent | O13: Active | P13: 13 | Q13: 4 | R13: =IF('global_freelancer-quick ana'!$Q13 < 7, "Short Duration", IF('global_freelancer-quick ana'!$Q13 <= 12, "Medium Duration", "Long Duration")) -> Short Duration | S13: =IF('global_freelancer-quick ana'!$M13 <= 50%, "POOR", IF('global_freelancer-quick ana'!$M13 <= 70%, "GOOD", "EXCELLENT")) -> EXCELLENT | T13: =SUM(B13:S13) -> 90.37257
A14: FL250013 | B14: Alice Schneider | C14: Female | D14: 57 | E14: {=INDEX('global_freelancer-quick ana'!$C$2:$C$1001, MODE(MATCH('global_freelancer-quick ana'!$C$2:$C$1001, 'global_freelancer-quick ana'!$C$2:$C$1001, 0)))} -> Male | F14: UK | G14: English | H14: Cybersecurity | I14: 18 | K14: 2 | L14: FALSE | M14: 0.86 | N14: Reviewed | O14: On Hold | P14: 16 | Q14: 15 | R14: =IF('global_freelancer-quick ana'!$Q14 < 7, "Short Duration", IF('global_freelancer-quick ana'!$Q14 <= 12, "Medium Duration", "Long Duration")) -> Long Duration | S14: =IF('global_freelancer-quick ana'!$M14 <= 50%, "POOR", IF('global_freelancer-quick ana'!$M14 <= 70%, "GOOD", "EXCELLENT")) -> EXCELLENT | T14: =SUM(B14:S14) -> 108.86
A15: FL250014 | B15: Phillip Shelton | C15: Male | D15: 38 | E15: {=INDEX('global_freelancer-quick ana'!$C$2:$C$1001, MODE(MATCH('global_freelancer-quick ana'!$C$2:$C$1001, 'global_freelancer-quick ana'!$C$2:$C$1001, 0)))} -> Male | G15: Spanish | H15: Graphic Design | I15: 20 | J15: 75 | K15: 2.9 | L15: TRUE | M15: 0.93 | N15: Pending | O15: On Hold | P15: 17 | Q15: 12 | R15: =IF('global_freelancer-quick ana'!$Q15 < 7, "Short Duration", IF('global_freelancer-quick ana'!$Q15 <= 12, "Medium Duration", "Long Duration")) -> Medium Duration | S15: =IF('global_freelancer-quick ana'!$M15 <= 50%, "POOR", IF('global_freelancer-quick ana'!$M15 <= 70%, "GOOD", "EXCELLENT")) -> EXCELLENT | T15: =SUM(B15:S15) -> 165.83
A16: FL250015 | B16: Edward Ferguson | C16: Male | D16: 50 | E16: {=INDEX('global_freelancer-quick ana'!$C$2:$C$1001, MODE(MATCH('global_freelancer-quick ana'!$C$2:$C$1001, 'global_freelancer-quick ana'!$C$2:$C$1001, 0)))} -> Male | F16: Germany | G16: Germany | H16: Data Analysis | I16: 22 | J16: 75 | K16: 3.7 | L16: TRUE | M16: 0.7 | N16: Follow-up | O16: Completed | P16: 14 | Q16: 6 | R16: =IF('global_freelancer-quick ana'!$Q16 < 7, "Short Duration", IF('global_freelancer-quick ana'!$Q16 <= 12, "Medium Duration", "Long Duration")) -> Short Duration | S16: =IF('global_freelancer-quick ana'!$M16 <= 50%, "POOR", IF('global_freelancer-quick ana'!$M16 <= 70%, "GOOD", "EXCELLENT")) -> GOOD | T16: =SUM(B16:S16) -> 96.4
A17: FL250016 | B17: Wyatt Stout | C17: Male | D17: 42 | E17: {=INDEX('global_freelancer-quick ana'!$C$2:$C$1001, MODE(MATCH('global_freelancer-quick ana'!$C$2:$C$1001, 'global_freelancer-quick ana'!$C$2:$C$1001, 0)))} -> Male | F17: Japan | G17: Japanese | I17: 0 | J17: 30 | K17: 1.2 | L17: FALSE | M17: 0.69 | N17: Urgent | O17: Active | P17: 5 | Q17: 2 | R17: =IF('global_freelancer-quick ana'!$Q17 < 7, "Short Duration", IF('global_freelancer-quick ana'!$Q17 <= 12, "Medium Duration", "Long Duration")) -> Short Duration | S17: =IF('global_freelancer-quick ana'!$M17 <= 50%, "POOR", IF('global_freelancer-quick ana'!$M17 <= 70%, "GOOD", "EXCELLENT")) -> GOOD | T17: =SUM(B17:S17) -> 80.89
A18: FL250017 | B18: Laura Johnson | C18: Female | D18: 39 | E18: {=INDEX('global_freelancer-quick ana'!$C$2:$C$1001, MODE(MATCH('global_freelancer-quick ana'!$C$2:$C$1001, 'global_freelancer-quick ana'!$C$2:$C$1001, 0)))} -> Male | F18: Australia | G18: English | H18: DevOps | I18: 13 | J18: 30 | K18: 2.5 | L18: FALSE | M18: 0.6 | N18: Follow-up | O18: Inactive | P18: 7 | Q18: 1 | R18: =IF('global_freelancer-quick ana'!$Q18 < 7, "Short Duration", IF('global_freelancer-quick ana'!$Q18 <= 12, "Medium Duration", "Long Duration")) -> Short Duration | S18: =IF('global_freelancer-quick ana'!$M18 <= 50%, "POOR", IF('global_freelancer-quick ana'!$M18 <= 70%, "GOOD", "EXCELLENT")) -> GOOD | T18: =SUM(B18:S18) -> 93.1
A19: FL250018 | B19: Scott Burns | C19: Male | D19: 56 | E19: {=INDEX('global_freelancer-quick ana'!$C$2:$C$1001, MODE(MATCH('global_freelancer-quick ana'!$C$2:$C$1001, 'global_freelancer-quick ana'!$C$2:$C$1001, 0)))} -> Male | F19: India | G19: Hindi | H19: Blockchain Development | I19: 0 | K19: 2.5125695 | L19: Unknown | M19: 0.87 | N19: Pending | O19: Completed | P19: 1 | Q19: 2 | R19: =IF('global_freelancer-quick ana'!$Q19 < 7, "Short Duration", IF('global_freelancer-quick ana'!$Q19 <= 12, "Medium Duration", "Long Duration")) -> Short Duration | S19: =IF('global_freelancer-quick ana'!$M19 <= 50%, "POOR", IF('global_freelancer-quick ana'!$M19 <= 70%, "GOOD", "EXCELLENT")) -> EXCELLENT | T19: =SUM(B19:S19) -> 62.38257
A20: FL250019 | B20: Tyler Aguirre | C20: Male | D20: 56 | E20: {=INDEX('global_freelancer-quick ana'!$C$2:$C$1001, MODE(MATCH('global_freelancer-quick ana'!$C$2:$C$1001, 'global_freelancer-quick ana'!$C$2:$C$1001, 0)))} -> Male | F20: US | G20: English | H20: UI/UX Design | I20: 31 | J20: 50 | K20: 1.1 | L20: FALSE | M20: 0.75 | N20: Urgent | O20: Completed | P20: 13 | Q20: 3 | R20: =IF('global_freelancer-quick ana'!$Q20 < 7, "Short Duration", IF('global_freelancer-quick ana'!$Q20 <= 12, "Medium Duration", "Long Duration")) -> Short Duration | S20: =IF('global_freelancer-quick ana'!$M20 <= 50%, "POOR", IF('global_freelancer-quick ana'!$M20 <= 70%, "GOOD", "EXCELLENT")) -> EXCELLENT | T20: =SUM(B20:S20) -> 154.85
A21: FL250020 | B21: Matthew Lawson | C21: Male | D21: 57 | E21: {=INDEX('global_freelancer-quick ana'!$C$2:$C$1001, MODE(MATCH('global_freelancer-quick ana'!$C$2:$C$1001, 'global_freelancer-quick ana'!$C$2:$C$1001, 0)))} -> Male | F21: Italy | G21: Italian | H21: Web Development | I21: 3 | J21: 100 | K21: 1.8 | L21: TRUE | M21: 0.68 | N21: Follow-up | O21: Completed | P21: 1 | Q21: 1 | R21: =IF('global_freelancer-quick ana'!$Q21 < 7, "Short Duration", IF('global_freelancer-quick ana'!$Q21 <= 12, "Medium Duration", "Long Duration")) -> Short Duration | S21: =IF('global_freelancer-quick ana'!$M21 <= 50%, "POOR", IF('global_freelancer-quick ana'!$M21 <= 70%, "GOOD", "EXCELLENT")) -> GOOD | T21: =SUM(B21:S21) -> 164.48
A22: FL250021 | B22: James Cherry | C22: Male | E22: {=INDEX('global_freelancer-quick ana'!$C$2:$C$1001, MODE(MATCH('global_freelancer-quick ana'!$C$2:$C$1001, 'global_freelancer-quick ana'!$C$2:$C$1001, 0)))} -> Male | F22: Indonesia | G22: Indonesian | H22: AI | I22: 9 | J22: 50 | K22: 1.8 | L22: FALSE | M22: 0.65 | N22: Reviewed | O22: Inactive | P22: 15 | Q22: 6 | R22: =IF('global_freelancer-quick ana'!$Q22 < 7, "Short Duration", IF('global_freelancer-quick ana'!$Q22 <= 12, "Medium Duration", "Long Duration")) -> Short Duration | S22: =IF('global_freelancer-quick ana'!$M22 <= 50%, "POOR", IF('global_freelancer-quick ana'!$M22 <= 70%, "GOOD", "EXCELLENT")) -> GOOD | T22: =SUM(B22:S22) -> 32.45
A23: FL250022 | B23: Samuel Sanford | C23: Male | D23: 51 | E23: {=INDEX('global_freelancer-quick ana'!$C$2:$C$1001, MODE(MATCH('global_freelancer-quick ana'!$C$2:$C$1001, 'global_freelancer-quick ana'!$C$2:$C$1001, 0)))} -> Male | F23: Japan | G23: Japanese | H23: DevOps | I23: 0 | K23: 2.4 | L23: FALSE | M23: 0.69 | N23: Urgent | O23: Completed | P23: 3 | Q23: 5 | R23: =IF('global_freelancer-quick ana'!$Q23 < 7, "Short Duration", IF('global_freelancer-quick ana'!$Q23 <= 12, "Medium Duration", "Long Duration")) -> Short Duration | S23: =IF('global_freelancer-quick ana'!$M23 <= 50%, "POOR", IF('global_freelancer-quick ana'!$M23 <= 70%, "GOOD", "EXCELLENT")) -> GOOD | T23: =SUM(B23:S23) -> 62.09
A24: FL250023 | B24: Cesar Greene | C24: Male | D24: 51 | E24: {=INDEX('global_freelancer-quick ana'!$C$2:$C$1001, MODE(MATCH('global_freelancer-quick ana'!$C$2:$C$1001, 'global_freelancer-quick ana'!$C$2:$C$1001, 0)))} -> Male | F24: Brazil | G24: Portuguese | H24: Cybersecurity | I24: 21 | J24: 30 | K24: 4.7 | L24: FALSE | M24: 0.79 | N24: Follow-up | O24: Inactive | P24: 14 | Q24: 2 | R24: =IF('global_freelancer-quick ana'!$Q24 < 7, "Short Duration", IF('global_freelancer-quick ana'!$Q24 <= 12, "Medium Duration", "Long Duration")) -> Short Duration | S24: =IF('global_freelancer-quick ana'!$M24 <= 50%, "POOR", IF('global_freelancer-quick ana'!$M24 <= 70%, "GOOD", "EXCELLENT")) -> EXCELLENT | T24: =SUM(B24:S24) -> 123.49
A25: FL250024 | B25: Melanie Carter | C25: Female | D25: 51 | E25: {=INDEX('global_freelancer-quick ana'!$C$2:$C$1001, MODE(MATCH('global_freelancer-quick ana'!$C$2:$C$1001, 'global_freelancer-quick ana'!$C$2:$C$1001, 0)))} -> Male | F25: South Korea | G25: Korean | H25: Machine Learning | I25: 15 | J25: 50 | K25: 1.3 | L25: TRUE | M25: 1 | N25: Pending | O25: Completed | P25: 9 | Q25: 3 | R25: =IF('global_freelancer-quick ana'!$Q25 < 7, "Short Duration", IF('global_freelancer-quick ana'!$Q25 <= 12, "Medium Duration", "Long Duration")) -> Short Duration | S25: =IF('global_freelancer-quick ana'!$M25 <= 50%, "POOR", IF('global_freelancer-quick ana'!$M25 <= 70%, "GOOD", "EXCELLENT")) -> EXCELLENT | T25: =SUM(B25:S25) -> 130.3
A26: FL250025 | B26: Jennifer Martin | C26: Female | D26: 54 | E26: {=INDEX('global_freelancer-quick ana'!$C$2:$C$1001, MODE(MATCH('global_freelancer-quick ana'!$C$2:$C$1001, 'global_freelancer-quick ana'!$C$2:$C$1001, 0)))} -> Male | F26: Indonesia | G26: Indonesian | H26: Machine Learning | I26: 13 | J26: 75 | K26: 2.9 | L26: Unknown | M26: 0.92 | N26: Pending | O26: Inactive | P26: 15 | Q26: 3 | R26: =IF('global_freelancer-quick ana'!$Q26 < 7, "Short Duration", IF('global_freelancer-quick ana'!$Q26 <= 12, "Medium Duration", "Long Duration")) -> Short Duration | S26: =IF('global_freelancer-quick ana'!$M26 <= 50%, "POOR", IF('global_freelancer-quick ana'!$M26 <= 70%, "GOOD", "EXCELLENT")) -> EXCELLENT | T26: =SUM(B26:S26) -> 88.82
A27: FL250026 | B27: Anna Mccann | C27: Female | D27: 22 | E27: {=INDEX('global_freelancer-quick ana'!$C$2:$C$1001, MODE(MATCH('global_freelancer-quick ana'!$C$2:$C$1001, 'global_freelancer-quick ana'!$C$2:$C$1001, 0)))} -> Male | F27: South Korea | G27: Korean | H27: DevOps | I27: 0 | J27: 30 | K27: 1.2 | L27: TRUE | M27: 0.7 | N27: Urgent | O27: On Hold | P27: 5 | Q27: 2 | R27: =IF('global_freelancer-quick ana'!$Q27 < 7, "Short Duration", IF('global_freelancer-quick ana'!$Q27 <= 12, "Medium Duration", "Long Duration")) -> Short Duration | S27: =IF('global_freelancer-quick ana'!$M27 <= 50%, "POOR", IF('global_freelancer-quick ana'!$M27 <= 70%, "GOOD", "EXCELLENT")) -> GOOD | T27: =SUM(B27:S27) -> 60.9
A28: FL250027 | B28: Marissa Bass | C28: Female | D28: 34 | E28: {=INDEX('global_freelancer-quick ana'!$C$2:$C$1001, MODE(MATCH('global_freelancer-quick ana'!$C$2:$C$1001, 'global_freelancer-quick ana'!$C$2:$C$1001, 0)))} -> Male | F28: Japan | G28: Japanese | H28: Blockchain Development | I28: 8 | J28: 20 | K28: 0 | L28: TRUE | M28: 0.89 | N28: Follow-up | O28: On Hold | P28: 6 | Q28: 1 | R28: =IF('global_freelancer-quick ana'!$Q28 < 7, "Short Duration", IF('global_freelancer-quick ana'!$Q28 <= 12, "Medium Duration", "Long Duration")) -> Short Duration | S28: =IF('global_freelancer-quick ana'!$M28 <= 50%, "POOR", IF('global_freelancer-quick ana'!$M28 <= 70%, "GOOD", "EXCELLENT")) -> EXCELLENT | T28: =SUM(B28:S28) -> 69.89
A29: FL250028 | B29: Alexis Day | C29: Female | D29: 36 | E29: {=INDEX('global_freelancer-quick ana'!$C$2:$C$1001, MODE(MATCH('global_freelancer-quick ana'!$C$2:$C$1001, 'global_freelancer-quick ana'!$C$2:$C$1001, 0)))} -> Male | F29: Russia | G29: Russian | H29: Graphic Design | I29: 11 | K29: 1.8 | L29: TRUE | M29: 0.86 | N29: Urgent | O29: On Hold | P29: 12 | Q29: 4 | R29: =IF('global_freelancer-quick ana'!$Q29 < 7, "Short Duration", IF('global_freelancer-quick ana'!$Q29 <= 12, "Medium Duration", "Long Duration")) -> Short Duration | S29: =IF('global_freelancer-quick ana'!$M29 <= 50%, "POOR", IF('global_freelancer-quick ana'!$M29 <= 70%, "GOOD", "EXCELLENT")) -> EXCELLENT | T29: =SUM(B29:S29) -> 65.66
A30: FL250029 | B30: Megan Jones | C30: Female | D30: 47 | E30: {=INDEX('global_freelancer-quick ana'!$C$2:$C$1001, MODE(MATCH('global_freelancer-quick ana'!$C$2:$C$1001, 'global_freelancer-quick ana'!$C$2:$C$1001, 0)))} -> Male | F30: Canada | G30: English | H30: AI | I30: 22 | J30: 30 | K30: 1.3 | L30: FALSE | M30: 0.62 | N30: Urgent | O30: On Hold | P30: 14 | Q30: 2 | R30: =IF('global_freelancer-quick ana'!$Q30 < 7, "Short Duration", IF('global_freelancer-quick ana'!$Q30 <= 12, "Medium Duration", "Long Duration")) -> Short Duration | S30: =IF('global_freelancer-quick ana'!$M30 <= 50%, "POOR", IF('global_freelancer-quick ana'!$M30 <= 70%, "GOOD", "EXCELLENT")) -> GOOD | T30: =SUM(B30:S30) -> 86.92
A31: FL250030 | B31: Lori Smith | C31: Female | D31: 41 | E31: {=INDEX('global_freelancer-quick ana'!$C$2:$C$1001, MODE(MATCH('global_freelancer-quick ana'!$C$2:$C$1001, 'global_freelancer-quick ana'!$C$2:$C$1001, 0)))} -> Male | F31: Netherlands | G31: Dutch | H31: Data Analysis | I31: 14 | J31: 75 | K31: 1.2 | L31: FALSE | M31: 0.79 | N31: Follow-up | O31: On Hold | P31: 6 | Q31: 5 | R31: =IF('global_freelancer-quick ana'!$Q31 < 7, "Short Duration", IF('global_freelancer-quick ana'!$Q31 <= 12, "Medium Duration", "Long Duration")) -> Short Duration | S31: =IF('global_freelancer-quick ana'!$M31 <= 50%, "POOR", IF('global_freelancer-quick ana'!$M31 <= 70%, "GOOD", "EXCELLENT")) -> EXCELLENT | T31: =SUM(B31:S31) -> 142.99
A32: FL250031 | B32: Eric Carpenter | C32: Male | D32: 22 | E32: {=INDEX('global_freelancer-quick ana'!$C$2:$C$1001, MODE(MATCH('global_freelancer-quick ana'!$C$2:$C$1001, 'global_freelancer-quick ana'!$C$2:$C$1001, 0)))} -> Male | F32: Netherlands | G32: Dutch | H32: DevOps | I32: 4 | K32: 1 | L32: TRUE | M32: 0.79 | N32: Follow-up | O32: Completed | P32: 3 | Q32: 1 | R32: =IF('global_freelancer-quick ana'!$Q32 < 7, "Short Duration", IF('global_freelancer-quick ana'!$Q32 <= 12, "Medium Duration", "Long Duration")) -> Short Duration | S32: =IF('global_freelancer-quick ana'!$M32 <= 50%, "POOR", IF('global_freelancer-quick ana'!$M32 <= 70%, "GOOD", "EXCELLENT")) -> EXCELLENT | T32: =SUM(B32:S32) -> 31.79
A33: FL250032 | B33: Timothy Daniels | C33: Male | D33: 38 | E33: {=INDEX('global_freelancer-quick ana'!$C$2:$C$1001, MODE(MATCH('global_freelancer-quick ana'!$C$2:$C$1001, 'global_freelancer-quick ana'!$C$2:$C$1001, 0)))} -> Male | F33: France | G33: French | H33: Machine Learning | I33: 19 | J33: 100 | K33: 4.2 | L33: FALSE | M33: 0.68 | N33: Reviewed | O33: Completed | P33: 10 | Q33: 10 | R33: =IF('global_freelancer-quick ana'!$Q33 < 7, "Short Duration", IF('global_freelancer-quick ana'!$Q33 <= 12, "Medium Duration", "Long Duration")) -> Medium Duration | S33: =IF('global_freelancer-quick ana'!$M33 <= 50%, "POOR", IF('global_freelancer-quick ana'!$M33 <= 70%, "GOOD", "EXCELLENT")) -> GOOD | T33: =SUM(B33:S33) -> 181.88
A34: FL250033 | B34: Robert Nelson | C34: Male | D34: 46 | E34: {=INDEX('global_freelancer-quick ana'!$C$2:$C$1001, MODE(MATCH('global_freelancer-quick ana'!$C$2:$C$1001, 'global_freelancer-quick ana'!$C$2:$C$1001, 0)))} -> Male | F34: Egypt | G34: Arabic | H34: AI | I34: 9 | J34: 20 | K34: 1.4 | L34: TRUE | M34: 0.76 | N34: Follow-up | O34: Completed | P34: 13 | Q34: 6 | R34: =IF('global_freelancer-quick ana'!$Q34 < 7, "Short Duration", IF('global_freelancer-quick ana'!$Q34 <= 12, "Medium Duration", "Long Duration")) -> Short Duration | S34: =IF('global_freelancer-quick ana'!$M34 <= 50%, "POOR", IF('global_freelancer-quick ana'!$M34 <= 70%, "GOOD", "EXCELLENT")) -> EXCELLENT | T34: =SUM(B34:S34) -> 76.16
A35: FL250034 | B35: Michael Anderson | C35: Male | E35: {=INDEX('global_freelancer-quick ana'!$C$2:$C$1001, MODE(MATCH('global_freelancer-quick ana'!$C$2:$C$1001, 'global_freelancer-quick ana'!$C$2:$C$1001, 0)))} -> Male | F35: South Korea | G35: Korean | H35: AI | I35: 9 | J35: 40 | K35: 2.4 | L35: TRUE | M35: 0.82 | N35: Pending | O35: Inactive | P35: 15 | Q35: 3 | R35: =IF('global_freelancer-quick ana'!$Q35 < 7, "Short Duration", IF('global_freelancer-quick ana'!$Q35 <= 12, "Medium Duration", "Long Duration")) -> Short Duration | S35: =IF('global_freelancer-quick ana'!$M35 <= 50%, "POOR", IF('global_freelancer-quick ana'!$M35 <= 70%, "GOOD", "EXCELLENT")) -> EXCELLENT | T35: =SUM(B35:S35) -> 30.22
A36: FL250035 | B36: Jessica Snyder | C36: Female | D36: 54 | E36: {=INDEX('global_freelancer-quick ana'!$C$2:$C$1001, MODE(MATCH('global_freelancer-quick ana'!$C$2:$C$1001, 'global_freelancer-quick ana'!$C$2:$C$1001, 0)))} -> Male | F36: US | G36: English | H36: Web Development | I36: 32 | J36: 75 | K36: 1 | L36: TRUE | M36: 0.81 | N36: Urgent | O36: Inactive | P36: 18 | Q36: 10 | R36: =IF('global_freelancer-quick ana'!$Q36 < 7, "Short Duration", IF('global_freelancer-quick ana'!$Q36 <= 12, "Medium Duration", "Long Duration")) -> Medium Duration | S36: =IF('global_freelancer-quick ana'!$M36 <= 50%, "POOR", IF('global_freelancer-quick ana'!$M36 <= 70%, "GOOD", "EXCELLENT")) -> EXCELLENT | T36: =SUM(B36:S36) -> 115.81
A37: FL250036 | B37: Emily Daniels | C37: Female | D37: 52 | E37: {=INDEX('global_freelancer-quick ana'!$C$2:$C$1001, MODE(MATCH('global_freelancer-quick ana'!$C$2:$C$1001, 'global_freelancer-quick ana'!$C$2:$C$1001, 0)))} -> Male | F37: South Korea | G37: Korean | I37: 28 | J37: 20 | K37: 2.5125695 | L37: FALSE | M37: 0.79 | N37: Urgent | O37: Inactive | P37: 18 | Q37: 2 | R37: =IF('global_freelancer-quick ana'!$Q37 < 7, "Short Duration", IF('global_freelancer-quick ana'!$Q37 <= 12, "Medium Duration", "Long Duration")) -> Short Duration | S37: =IF('global_freelancer-quick ana'!$M37 <= 50%, "POOR", IF('global_freelancer-quick ana'!$M37 <= 70%, "GOOD", "EXCELLENT")) -> EXCELLENT | T37: =SUM(B37:S37) -> 123.30257
A38: FL250037 | B38: Jamie Ramirez | C38: Female | D38: 42 | E38: {=INDEX('global_freelancer-quick ana'!$C$2:$C$1001, MODE(MATCH('global_freelancer-quick ana'!$C$2:$C$1001, 'global_freelancer-quick ana'!$C$2:$C$1001, 0)))} -> Male | F38: Japan | G38: Japanese | H38: Mobile Apps | I38: 6 | J38: 40 | K38: 2.5125695 | L38: FALSE | M38: 0.63 | N38: Pending | O38: Inactive | P38: 15 | Q38: 6 | R38: =IF('global_freelancer-quick ana'!$Q38 < 7, "Short Duration", IF('global_freelancer-quick ana'!$Q38 <= 12, "Medium Duration", "Long Duration")) -> Short Duration | S38: =IF('global_freelancer-quick ana'!$M38 <= 50%, "POOR", IF('global_freelancer-quick ana'!$M38 <= 70%, "GOOD", "EXCELLENT")) -> GOOD | T38: =SUM(B38:S38) -> 72.14257
A39: FL250038 | B39: Amy Harrison | C39: Female | D39: 29 | E39: {=INDEX('global_freelancer-quick ana'!$C$2:$C$1001, MODE(MATCH('global_freelancer-quick ana'!$C$2:$C$1001, 'global_freelancer-quick ana'!$C$2:$C$1001, 0)))} -> Male | F39: Netherlands | G39: Dutch | H39: Graphic Design | I39: 10 | J39: 40 | K39: 2.2 | L39: FALSE | M39: 0.67 | N39: Follow-up | O39: On Hold | P39: 10 | Q39: 9 | R39: =IF('global_freelancer-quick ana'!$Q39 < 7, "Short Duration", IF('global_freelancer-quick ana'!$Q39 <= 12, "Medium Duration", "Long Duration")) -> Medium Duration | S39: =IF('global_freelancer-quick ana'!$M39 <= 50%, "POOR", IF('global_freelancer-quick ana'!$M39 <= 70%, "GOOD", "EXCELLENT")) -> GOOD | T39: =SUM(B39:S39) -> 60.87
A40: FL250039 | B40: Melinda White | C40: Female | D40: 42 | E40: {=INDEX('global_freelancer-quick ana'!$C$2:$C$1001, MODE(MATCH('global_freelancer-quick ana'!$C$2:$C$1001, 'global_freelancer-quick ana'!$C$2:$C$1001, 0)))} -> Male | F40: South Africa | G40: Afrikaans | H40: Mobile Apps | I40: 23 | J40: 50 | K40: 3.2 | L40: TRUE | M40: 0.79 | N40: Pending | O40: On Hold | P40: 13 | Q40: 3 | R40: =IF('global_freelancer-quick ana'!$Q40 < 7, "Short Duration", IF('global_freelancer-quick ana'!$Q40 <= 12, "Medium Duration", "Long Duration")) -> Short Duration | S40: =IF('global_freelancer-quick ana'!$M40 <= 50%, "POOR", IF('global_freelancer-quick ana'!$M40 <= 70%, "GOOD", "EXCELLENT")) -> EXCELLENT | T40: =SUM(B40:S40) -> 84.99
A41: FL250040 | B41: James Hernandez | C41: Male | D41: 60 | E41: {=INDEX('global_freelancer-quick ana'!$C$2:$C$1001, MODE(MATCH('global_freelancer-quick ana'!$C$2:$C$1001, 'global_freelancer-quick ana'!$C$2:$C$1001, 0)))} -> Male | F41: Japan | G41: Japanese | H41: Web Development | I41: 13 | J41: 20 | K41: 3.6 | L41: FALSE | M41: 0.8 | N41: Pending | O41: On Hold | P41: 9 | Q41: 3 | R41: =IF('global_freelancer-quick ana'!$Q41 < 7, "Short Duration", IF('global_freelancer-quick ana'!$Q41 <= 12, "Medium Duration", "Long Duration")) -> Short Duration | S41: =IF('global_freelancer-quick ana'!$M41 <= 50%, "POOR", IF('global_freelancer-quick ana'!$M41 <= 70%, "GOOD", "EXCELLENT")) -> EXCELLENT | T41: =SUM(B41:S41) -> 109.4
A42: FL250041 | B42: Angelica Rogers | C42: Female | D42: 59 | E42: {=INDEX('global_freelancer-quick ana'!$C$2:$C$1001, MODE(MATCH('global_freelancer-quick ana'!$C$2:$C$1001, 'global_freelancer-quick ana'!$C$2:$C$1001, 0)))} -> Male | F42: UK | G42: English | H42: AI | I42: 3 | J42: 50 | K42: 0 | L42: FALSE | M42: 0.79 | N42: Reviewed | O42: Active | P42: 3 | Q42: 1 | R42: =IF('global_freelancer-quick ana'!$Q42 < 7, "Short Duration", IF('global_freelancer-quick ana'!$Q42 <= 12, "Medium Duration", "Long Duration")) -> Short Duration | S42: =IF('global_freelancer-quick ana'!$M42 <= 50%, "POOR", IF('global_freelancer-quick ana'!$M42 <= 70%, "GOOD", "EXCELLENT")) -> EXCELLENT | T42: =SUM(B42:S42) -> 116.79
A43: FL250042 | B43: Savannah Williams | C43: Female | D43: 21 | E43: {=INDEX('global_freelancer-quick ana'!$C$2:$C$1001, MODE(MATCH('global_freelancer-quick ana'!$C$2:$C$1001, 'global_freelancer-quick ana'!$C$2:$C$1001, 0)))} -> Male | F43: Canada | G43: English | H43: Web Development | I43: 0 | J43: 30 | K43: 2.7 | L43: TRUE | M43: 0.84 | N43: Pending | O43: Completed | P43: 5 | Q43: 1 | R43: =IF('global_freelancer-quick ana'!$Q43 < 7, "Short Duration", IF('global_freelancer-quick ana'!$Q43 <= 12, "Medium Duration", "Long Duration")) -> Short Duration | S43: =IF('global_freelancer-quick ana'!$M43 <= 50%, "POOR", IF('global_freelancer-quick ana'!$M43 <= 70%, "GOOD", "EXCELLENT")) -> EXCELLENT | T43: =SUM(B43:S43) -> 30.54
A44: FL250043 | B44: Kaitlyn Schmidt | C44: Female | D44: 35 | E44: {=INDEX('global_freelancer-quick ana'!$C$2:$C$1001, MODE(MATCH('global_freelancer-quick ana'!$C$2:$C$1001, 'global_freelancer-quick ana'!$C$2:$C$1001, 0)))} -> Male | F44: Germany | G44: Germany | H44: DevOps | I44: 10 | J44: 50 | K44: 0 | L44: FALSE | M44: 0.79 | N44: Urgent | O44: Inactive | P44: 7 | Q44: 6 | R44: =IF('global_freelancer-quick ana'!$Q44 < 7, "Short Duration", IF('global_freelancer-quick ana'!$Q44 <= 12, "Medium Duration", "Long Duration")) -> Short Duration | S44: =IF('global_freelancer-quick ana'!$M44 <= 50%, "POOR", IF('global_freelancer-quick ana'!$M44 <= 70%, "GOOD", "EXCELLENT")) -> EXCELLENT | T44: =SUM(B44:S44) -> 108.79
A45: FL250044 | B45: Jason Singh | C45: Male | D45: 41 | E45: {=INDEX('global_freelancer-quick ana'!$C$2:$C$1001, MODE(MATCH('global_freelancer-quick ana'!$C$2:$C$1001, 'global_freelancer-quick ana'!$C$2:$C$1001, 0)))} -> Male | F45: UK | G45: English | H45: Data Analysis | I45: 0 | J45: 20 | K45: 2.8 | L45: TRUE | M45: 0.63 | N45: Pending | O45: Inactive | P45: 1 | Q45: 1 | R45: =IF('global_freelancer-quick ana'!$Q45 < 7, "Short Duration", IF('global_freelancer-quick ana'!$Q45 <= 12, "Medium Duration", "Long Duration")) -> Short Duration | S45: =IF('global_freelancer-quick ana'!$M45 <= 50%, "POOR", IF('global_freelancer-quick ana'!$M45 <= 70%, "GOOD", "EXCELLENT")) -> GOOD | T45: =SUM(B45:S45) -> 46.43
A46: FL250045 | B46: Michelle Ramirez | C46: Female | D46: 51 | E46: {=INDEX('global_freelancer-quick ana'!$C$2:$C$1001, MODE(MATCH('global_freelancer-quick ana'!$C$2:$C$1001, 'global_freelancer-quick ana'!$C$2:$C$1001, 0)))} -> Male | F46: Netherlands | G46: Dutch | H46: Machine Learning | I46: 23 | J46: 20 | K46: 2.5 | L46: FALSE | M46: 0.8 | N46: Urgent | O46: On Hold | P46: 17 | Q46: 15 | R46: =IF('global_freelancer-quick ana'!$Q46 < 7, "Short Duration", IF('global_freelancer-quick ana'!$Q46 <= 12, "Medium Duration", "Long Duration")) -> Long Duration | S46: =IF('global_freelancer-quick ana'!$M46 <= 50%, "POOR", IF('global_freelancer-quick ana'!$M46 <= 70%, "GOOD", "EXCELLENT")) -> EXCELLENT | T46: =SUM(B46:S46) -> 109.3
A47: FL250046 | B47: James Brown | C47: Male | D47: 41 | E47: {=INDEX('global_freelancer-quick ana'!$C$2:$C$1001, MODE(MATCH('global_freelancer-quick ana'!$C$2:$C$1001, 'global_freelancer-quick ana'!$C$2:$C$1001, 0)))} -> Male | F47: South Africa | G47: Afrikaans | H47: Web Development | I47: 9 | J47: 75 | K47: 4.9 | L47: TRUE | M47: 0.74 | N47: Urgent | O47: Inactive | P47: 13 | Q47: 8 | R47: =IF('global_freelancer-quick ana'!$Q47 < 7, "Short Duration", IF('global_freelancer-quick ana'!$Q47 <= 12, "Medium Duration", "Long Duration")) -> Medium Duration | S47: =IF('global_freelancer-quick ana'!$M47 <= 50%, "POOR", IF('global_freelancer-quick ana'!$M47 <= 70%, "GOOD", "EXCELLENT")) -> EXCELLENT | T47: =SUM(B47:S47) -> 151.64
A48: FL250047 | B48: Mrs. Samantha Simmons | C48: Female | D48: 47 | E48: {=INDEX('global_freelancer-quick ana'!$C$2:$C$1001, MODE(MATCH('global_freelancer-quick ana'!$C$2:$C$1001, 'global_freelancer-quick ana'!$C$2:$C$1001, 0)))} -> Male | F48: Egypt | G48: Arabic | H48: DevOps | I48: 15 | J48: 30 | K48: 4.5 | L48: TRUE | M48: 0.85 | N48: Urgent | O48: Inactive | P48: 12 | Q48: 4 | R48: =IF('global_freelancer-quick ana'!$Q48 < 7, "Short Duration", IF('global_freelancer-quick ana'!$Q48 <= 12, "Medium Duration", "Long Duration")) -> Short Duration | S48: =IF('global_freelancer-quick ana'!$M48 <= 50%, "POOR", IF('global_freelancer-quick ana'!$M48 <= 70%, "GOOD", "EXCELLENT")) -> EXCELLENT | T48: =SUM(B48:S48) -> 113.35
A49: FL250048 | B49: Chase Mason | C49: Male | D49: 25 | E49: {=INDEX('global_freelancer-quick ana'!$C$2:$C$1001, MODE(MATCH('global_freelancer-quick ana'!$C$2:$C$1001, 'global_freelancer-quick ana'!$C$2:$C$1001, 0)))} -> Male | F49: China | G49: Mandarin | H49: Graphic Design | I49: 4 | J49: 50 | K49: 2.7 | L49: FALSE | M49: 0.77 | N49: Follow-up | O49: Completed | P49: 4 | Q49: 3 | R49: =IF('global_freelancer-quick ana'!$Q49 < 7, "Short Duration", IF('global_freelancer-quick ana'!$Q49 <= 12, "Medium Duration", "Long Duration")) -> Short Duration | S49: =IF('global_freelancer-quick ana'!$M49 <= 50%, "POOR", IF('global_freelancer-quick ana'!$M49 <= 70%, "GOOD", "EXCELLENT")) -> EXCELLENT | T49: =SUM(B49:S49) -> 39.47
A50: FL250049 | B50: Dominique Ward | C50: Female | D50: 25 | E50: {=INDEX('global_freelancer-quick ana'!$C$2:$C$1001, MODE(MATCH('global_freelancer-quick ana'!$C$2:$C$1001, 'global_freelancer-quick ana'!$C$2:$C$1001, 0)))} -> Male | F50: Mexico | G50: Spanish | H50: Mobile Apps | I50: 7 | J50: 20 | K50: 1.9 | L50: FALSE | M50: 0.79 | N50: Reviewed | O50: On Hold | P50: 12 | Q50: 10 | R50: =IF('global_freelancer-quick ana'!$Q50 < 7, "Short Duration", IF('global_freelancer-quick ana'!$Q50 <= 12, "Medium Duration", "Long Duration")) -> Medium Duration | S50: =IF('global_freelancer-quick ana'!$M50 <= 50%, "POOR", IF('global_freelancer-quick ana'!$M50 <= 70%, "GOOD", "EXCELLENT")) -> EXCELLENT | T50: =SUM(B50:S50) -> 56.69
A51: FL250050 | B51: Lance Griffin | C51: Male | D51: 29 | E51: {=INDEX('global_freelancer-quick ana'!$C$2:$C$1001, MODE(MATCH('global_freelancer-quick ana'!$C$2:$C$1001, 'global_freelancer-quick ana'!$C$2:$C$1001, 0)))} -> Male | G51: Dutch | H51: UI/UX Design | I51: 1 | J51: 20 | K51: 1.4 | L51: TRUE | M51: 0.63 | N51: Urgent | O51: Completed | P51: 2 | Q51: 1 | R51: =IF('global_freelancer-quick ana'!$Q51 < 7, "Short Duration", IF('global_freelancer-quick ana'!$Q51 <= 12, "Medium Duration", "Long Duration")) -> Short Duration | S51: =IF('global_freelancer-quick ana'!$M51 <= 50%, "POOR", IF('global_freelancer-quick ana'!$M51 <= 70%, "GOOD", "EXCELLENT")) -> GOOD | T51: =SUM(B51:S51) -> 35.03
A52: FL250051 | B52: Julie Burgess | C52: Female | D52: 23 | E52: {=INDEX('global_freelancer-quick ana'!$C$2:$C$1001, MODE(MATCH('global_freelancer-quick ana'!$C$2:$C$1001, 'global_freelancer-quick ana'!$C$2:$C$1001, 0)))} -> Male | F52: Argentina | G52: Spanish | H52: Cybersecurity | I52: 0 | J52: 75 | K52: 1.9 | L52: TRUE | M52: 0.79 | N52: Urgent | O52: Active | P52: 2 | Q52: 5 | R52: =IF('global_freelancer-quick ana'!$Q52 < 7, "Short Duration", IF('global_freelancer-quick ana'!$Q52 <= 12, "Medium Duration", "Long Duration")) -> Short Duration | S52: =IF('global_freelancer-quick ana'!$M52 <= 50%, "POOR", IF('global_freelancer-quick ana'!$M52 <= 70%, "GOOD", "EXCELLENT")) -> EXCELLENT | T52: =SUM(B52:S52) -> 32.69
A53: FL250052 | B53: Don Scott | C53: Male | D53: 31 | E53: {=INDEX('global_freelancer-quick ana'!$C$2:$C$1001, MODE(MATCH('global_freelancer-quick ana'!$C$2:$C$1001, 'global_freelancer-quick ana'!$C$2:$C$1001, 0)))} -> Male | F53: France | G53: French | H53: Data Analysis | I53: 8 | J53: 50 | K53: 3.4 | L53: FALSE | M53: 0.79 | N53: Follow-up | O53: Active | P53: 11 | Q53: 3 | R53: =IF('global_freelancer-quick ana'!$Q53 < 7, "Short Duration", IF('global_freelancer-quick ana'!$Q53 <= 12, "Medium Duration", "Long Duration")) -> Short Duration | S53: =IF('global_freelancer-quick ana'!$M53 <= 50%, "POOR", IF('global_freelancer-quick ana'!$M53 <= 70%, "GOOD", "EXCELLENT")) -> EXCELLENT | T53: =SUM(B53:S53) -> 57.19
A54: FL250053 | B54: Kyle Atkinson | C54: Male | D54: 51 | E54: {=INDEX('global_freelancer-quick ana'!$C$2:$C$1001, MODE(MATCH('global_freelancer-quick ana'!$C$2:$C$1001, 'global_freelancer-quick ana'!$C$2:$C$1001, 0)))} -> Male | F54: Germany | G54: Germany | H54: Machine Learning | I54: 33 | J54: 75 | K54: 3.3 | L54: Unknown | M54: 0.68 | N54: Urgent | O54: Active | P54: 17 | Q54: 8 | R54: =IF('global_freelancer-quick ana'!$Q54 < 7, "Short Duration", IF('global_freelancer-quick ana'!$Q54 <= 12, "Medium Duration", "Long Duration")) -> Medium Duration | S54: =IF('global_freelancer-quick ana'!$M54 <= 50%, "POOR", IF('global_freelancer-quick ana'!$M54 <= 70%, "GOOD", "EXCELLENT")) -> GOOD | T54: =SUM(B54:S54) -> 112.98
A55: FL250054 | B55: Jimmy Hogan | C55: Male | E55: {=INDEX('global_freelancer-quick ana'!$C$2:$C$1001, MODE(MATCH('global_freelancer-quick ana'!$C$2:$C$1001, 'global_freelancer-quick ana'!$C$2:$C$1001, 0)))} -> Male | F55: Spain | G55: Spanish | H55: UI/UX Design | I55: 1 | J55: 30 | K55: 0 | L55: FALSE | M55: 0.68 | N55: Pending | O55: On Hold | P55: 1 | Q55: 2 | R55: =IF('global_freelancer-quick ana'!$Q55 < 7, "Short Duration", IF('global_freelancer-quick ana'!$Q55 <= 12, "Medium Duration", "Long Duration")) -> Short Duration | S55: =IF('global_freelancer-quick ana'!$M55 <= 50%, "POOR", IF('global_freelancer-quick ana'!$M55 <= 70%, "GOOD", "EXCELLENT")) -> GOOD | T55: =SUM(B55:S55) -> 4.68
A56: FL250055 | B56: Jennifer Mcintyre | C56: Female | D56: 29 | E56: {=INDEX('global_freelancer-quick ana'!$C$2:$C$1001, MODE(MATCH('global_freelancer-quick ana'!$C$2:$C$1001, 'global_freelancer-quick ana'!$C$2:$C$1001, 0)))} -> Male | F56: Turkey | G56: Turkish | H56: Cybersecurity | I56: 11 | J56: 100 | K56: 2.3 | L56: TRUE | M56: 0.72 | N56: Pending | O56: Inactive | P56: 7 | Q56: 7 | R56: =IF('global_freelancer-quick ana'!$Q56 < 7, "Short Duration", IF('global_freelancer-quick ana'!$Q56 <= 12, "Medium Duration", "Long Duration")) -> Medium Duration | S56: =IF('global_freelancer-quick ana'!$M56 <= 50%, "POOR", IF('global_freelancer-quick ana'!$M56 <= 70%, "GOOD", "EXCELLENT")) -> EXCELLENT | T56: =SUM(B56:S56) -> 57.02
A57: FL250056 | B57: Larry Simpson | C57: Male | D57: 50 | E57: {=INDEX('global_freelancer-quick ana'!$C$2:$C$1001, MODE(MATCH('global_freelancer-quick ana'!$C$2:$C$1001, 'global_freelancer-quick ana'!$C$2:$C$1001, 0)))} -> Male | F57: UK | G57: English | H57: AI | I57: 15 | K57: 2 | L57: TRUE | M57: 0.65 | N57: Reviewed | O57: On Hold | P57: 7 | Q57: 7 | R57: =IF('global_freelancer-quick ana'!$Q57 < 7, "Short Duration", IF('global_freelancer-quick ana'!$Q57 <= 12, "Medium Duration", "Long Duration")) -> Medium Duration | S57: =IF('global_freelancer-quick ana'!$M57 <= 50%, "POOR", IF('global_freelancer-quick ana'!$M57 <= 70%, "GOOD", "EXCELLENT")) -> GOOD | T57: =SUM(B57:S57) -> 81.65
A58: FL250057 | B58: Laura Price | C58: Female | D58: 26 | E58: {=INDEX('global_freelancer-quick ana'!$C$2:$C$1001, MODE(MATCH('global_freelancer-quick ana'!$C$2:$C$1001, 'global_freelancer-quick ana'!$C$2:$C$1001, 0)))} -> Male | F58: UK | G58: English | H58: DevOps | I58: 8 | J58: 50 | K58: 1.3 | L58: FALSE | M58: 0.76 | N58: Urgent | O58: On Hold | P58: 7 | Q58: 5 | R58: =IF('global_freelancer-quick ana'!$Q58 < 7, "Short Duration", IF('global_freelancer-quick ana'!$Q58 <= 12, "Medium Duration", "Long Duration")) -> Short Duration | S58: =IF('global_freelancer-quick ana'!$M58 <= 50%, "POOR", IF('global_freelancer-quick ana'!$M58 <= 70%, "GOOD", "EXCELLENT")) -> EXCELLENT | T58: =SUM(B58:S58) -> 48.06
A59: FL250058 | B59: Mark Wright | C59: Male | D59: 38 | E59: {=INDEX('global_freelancer-quick ana'!$C$2:$C$1001, MODE(MATCH('global_freelancer-quick ana'!$C$2:$C$1001, 'global_freelancer-quick ana'!$C$2:$C$1001, 0)))} -> Male | F59: Canada | G59: English | H59: AI | I59: 17 | J59: 40 | K59: 4 | L59: TRUE | M59: 0.9 | N59: Follow-up | O59: Inactive | P59: 16 | Q59: 11 | R59: =IF('global_freelancer-quick ana'!$Q59 < 7, "Short Duration", IF('global_freelancer-quick ana'!$Q59 <= 12, "Medium Duration", "Long Duration")) -> Medium Duration | S59: =IF('global_freelancer-quick ana'!$M59 <= 50%, "POOR", IF('global_freelancer-quick ana'!$M59 <= 70%, "GOOD", "EXCELLENT")) -> EXCELLENT | T59: =SUM(B59:S59) -> 126.9
A60: FL250059 | B60: Samantha Mcdaniel | C60: Female | D60: 23 | E60: {=INDEX('global_freelancer-quick ana'!$C$2:$C$1001, MODE(MATCH('global_freelancer-quick ana'!$C$2:$C$1001, 'global_freelancer-quick ana'!$C$2:$C$1001, 0)))} -> Male | F60: India | G60: Hindi | H60: Mobile Apps | I60: 0 | J60: 75 | K60: 3.6 | L60: TRUE | M60: 0.65 | N60: Pending | O60: Completed | P60: 2 | Q60: 4 | R60: =IF('global_freelancer-quick ana'!$Q60 < 7, "Short Duration", IF('global_freelancer-quick ana'!$Q60 <= 12, "Medium Duration", "Long Duration")) -> Short Duration | S60: =IF('global_freelancer-quick ana'!$M60 <= 50%, "POOR", IF('global_freelancer-quick ana'!$M60 <= 70%, "GOOD", "EXCELLENT")) -> GOOD | T60: =SUM(B60:S60) -> 33.25
A61: FL250060 | B61: Barbara Foster | C61: Female | D61: 51 | E61: {=INDEX('global_freelancer-quick ana'!$C$2:$C$1001, MODE(MATCH('global_freelancer-quick ana'!$C$2:$C$1001, 'global_freelancer-quick ana'!$C$2:$C$1001, 0)))} -> Male | F61: South Africa | G61: Afrikaans | H61: DevOps | I61: 28 | J61: 40 | K61: 3.9 | L61: FALSE | M61: 0.63 | N61: Follow-up | O61: Active | P61: 13 | Q61: 6 | R61: =IF('global_freelancer-quick ana'!$Q61 < 7, "Short Duration", IF('global_freelancer-quick ana'!$Q61 <= 12, "Medium Duration", "Long Duration")) -> Short Duration | S61: =IF('global_freelancer-quick ana'!$M61 <= 50%, "POOR", IF('global_freelancer-quick ana'!$M61 <= 70%, "GOOD", "EXCELLENT")) -> GOOD | T61: =SUM(B61:S61) -> 102.53
A62: FL250061 | B62: Courtney Tran | C62: Female | D62: 51 | E62: {=INDEX('global_freelancer-quick ana'!$C$2:$C$1001, MODE(MATCH('global_freelancer-quick ana'!$C$2:$C$1001, 'global_freelancer-quick ana'!$C$2:$C$1001, 0)))} -> Male | F62: Indonesia | G62: Indonesian | H62: AI | I62: 33 | J62: 75 | K62: 0 | L62: TRUE | M62: 0.79 | N62: Follow-up | O62: Completed | P62: 14 | Q62: 8 | R62: =IF('global_freelancer-quick ana'!$Q62 < 7, "Short Duration", IF('global_freelancer-quick ana'!$Q62 <= 12, "Medium Duration", "Long Duration")) -> Medium Duration | S62: =IF('global_freelancer-quick ana'!$M62 <= 50%, "POOR", IF('global_freelancer-quick ana'!$M62 <= 70%, "GOOD", "EXCELLENT")) -> EXCELLENT | T62: =SUM(B62:S62) -> 181.79
A63: FL250062 | B63: Eddie Todd | C63: Male | D63: 47 | E63: {=INDEX('global_freelancer-quick ana'!$C$2:$C$1001, MODE(MATCH('global_freelancer-quick ana'!$C$2:$C$1001, 'global_freelancer-quick ana'!$C$2:$C$1001, 0)))} -> Male | F63: Germany | G63: Germany | H63: AI | I63: 18 | J63: 75 | K63: 0 | L63: FALSE | M63: 0.79 | N63: Pending | O63: Active | P63: 11 | Q63: 8 | R63: =IF('global_freelancer-quick ana'!$Q63 < 7, "Short Duration", IF('global_freelancer-quick ana'!$Q63 <= 12, "Medium Duration", "Long Duration")) -> Medium Duration | S63: =IF('global_freelancer-quick ana'!$M63 <= 50%, "POOR", IF('global_freelancer-quick ana'!$M63 <= 70%, "GOOD", "EXCELLENT")) -> EXCELLENT | T63: =SUM(B63:S63) -> 84.79
A64: FL250063 | B64: Christine Johnson | C64: Female | D64: 34 | E64: {=INDEX('global_freelancer-quick ana'!$C$2:$C$1001, MODE(MATCH('global_freelancer-quick ana'!$C$2:$C$1001, 'global_freelancer-quick ana'!$C$2:$C$1001, 0)))} -> Male | F64: Russia | G64: Russian | H64: UI/UX Design | I64: 16 | J64: 20 | K64: 2.3 | L64: TRUE | M64: 0.93 | N64: Follow-up | O64: On Hold | P64: 15 | Q64: 5 | R64: =IF('global_freelancer-quick ana'!$Q64 < 7, "Short Duration", IF('global_freelancer-quick ana'!$Q64 <= 12, "Medium Duration", "Long Duration")) -> Short Duration | S64: =IF('global_freelancer-quick ana'!$M64 <= 50%, "POOR", IF('global_freelancer-quick ana'!$M64 <= 70%, "GOOD", "EXCELLENT")) -> EXCELLENT | T64: =SUM(B64:S64) -> 93.23
A65: FL250064 | B65: Leah Phelps | C65: Female | D65: 58 | E65: {=INDEX('global_freelancer-quick ana'!$C$2:$C$1001, MODE(MATCH('global_freelancer-quick ana'!$C$2:$C$1001, 'global_freelancer-quick ana'!$C$2:$C$1001, 0)))} -> Male | F65: Indonesia | G65: Indonesian | H65: Data Analysis | I65: 35 | J65: 50 | K65: 4.7 | L65: FALSE | M65: 0.7 | N65: Pending | O65: Active | P65: 17 | Q65: 13 | R65: =IF('global_freelancer-quick ana'!$Q65 < 7, "Short Duration", IF('global_freelancer-quick ana'!$Q65 <= 12, "Medium Duration", "Long Duration")) -> Long Duration | S65: =IF('global_freelancer-quick ana'!$M65 <= 50%, "POOR", IF('global_freelancer-quick ana'!$M65 <= 70%, "GOOD", "EXCELLENT")) -> GOOD | T65: =SUM(B65:S65) -> 178.4
A66: FL250065 | B66: Rebekah Williams | C66: Female | D66: 50 | E66: {=INDEX('global_freelancer-quick ana'!$C$2:$C$1001, MODE(MATCH('global_freelancer-quick ana'!$C$2:$C$1001, 'global_freelancer-quick ana'!$C$2:$C$1001, 0)))} -> Male | F66: Russia | G66: Russian | H66: AI | I66: 14 | K66: 3.5 | L66: TRUE | M66: 0.83 | N66: Follow-up | O66: On Hold | P66: 13 | Q66: 8 | R66: =IF('global_freelancer-quick ana'!$Q66 < 7, "Short Duration", IF('global_freelancer-quick ana'!$Q66 <= 12, "Medium Duration", "Long Duration")) -> Medium Duration | S66: =IF('global_freelancer-quick ana'!$M66 <= 50%, "POOR", IF('global_freelancer-quick ana'!$M66 <= 70%, "GOOD", "EXCELLENT")) -> EXCELLENT | T66: =SUM(B66:S66) -> 89.33
A67: FL250066 | B67: Crystal Wilson | C67: Female | D67: 34 | E67: {=INDEX('global_freelancer-quick ana'!$C$2:$C$1001, MODE(MATCH('global_freelancer-quick ana'!$C$2:$C$1001, 'global_freelancer-quick ana'!$C$2:$C$1001, 0)))} -> Male | F67: Spain | G67: Spanish | H67: Web Development | I67: 12 | J67: 40 | K67: 2.4 | L67: TRUE | M67: 0.64 | N67: Pending | O67: Completed | P67: 14 | Q67: 12 | R67: =IF('global_freelancer-quick ana'!$Q67 < 7, "Short Duration", IF('global_freelancer-quick ana'!$Q67 <= 12, "Medium Duration", "Long Duration")) -> Medium Duration | S67: =IF('global_freelancer-quick ana'!$M67 <= 50%, "POOR", IF('global_freelancer-quick ana'!$M67 <= 70%, "GOOD", "EXCELLENT")) -> GOOD | T67: =SUM(B67:S67) -> 75.04
A68: FL250067 | B68: Ashley Cordova | C68: Female | D68: 45 | E68: {=INDEX('global_freelancer-quick ana'!$C$2:$C$1001, MODE(MATCH('global_freelancer-quick ana'!$C$2:$C$1001, 'global_freelancer-quick ana'!$C$2:$C$1001, 0)))} -> Male | F68: Brazil | G68: Portuguese | H68: AI | I68: 11 | J68: 75 | K68: 4 | L68: FALSE | M68: 1 | N68: Urgent | O68: On Hold | P68: 9 | Q68: 2 | R68: =IF('global_freelancer-quick ana'!$Q68 < 7, "Short Duration", IF('global_freelancer-quick ana'!$Q68 <= 12, "Medium Duration", "Long Duration")) -> Short Duration | S68: =IF('global_freelancer-quick ana'!$M68 <= 50%, "POOR", IF('global_freelancer-quick ana'!$M68 <= 70%, "GOOD", "EXCELLENT")) -> EXCELLENT | T68: =SUM(B68:S68) -> 147
A69: FL250068 | B69: Vicki Kelly | C69: Female | D69: 55 | E69: {=INDEX('global_freelancer-quick ana'!$C$2:$C$1001, MODE(MATCH('global_freelancer-quick ana'!$C$2:$C$1001, 'global_freelancer-quick ana'!$C$2:$C$1001, 0)))} -> Male | F69: Brazil | G69: Portuguese | H69: Web Development | I69: 0 | J69: 40 | K69: 0 | L69: TRUE | M69: 0.79 | N69: Reviewed | O69: Completed | P69: 5 | Q69: 5 | R69: =IF('global_freelancer-quick ana'!$Q69 < 7, "Short Duration", IF('global_freelancer-quick ana'!$Q69 <= 12, "Medium Duration", "Long Duration")) -> Short Duration | S69: =IF('global_freelancer-quick ana'!$M69 <= 50%, "POOR", IF('global_freelancer-quick ana'!$M69 <= 70%, "GOOD", "EXCELLENT")) -> EXCELLENT | T69: =SUM(B69:S69) -> 105.79
A70: FL250069 | B70: Corey Warren | C70: Male | E70: {=INDEX('global_freelancer-quick ana'!$C$2:$C$1001, MODE(MATCH('global_freelancer-quick ana'!$C$2:$C$1001, 'global_freelancer-quick ana'!$C$2:$C$1001, 0)))} -> Male | F70: Argentina | G70: Spanish | H70: UI/UX Design | I70: 6 | J70: 100 | K70: 1.5 | L70: FALSE | M70: 0.79 | N70: Pending | O70: Inactive | P70: 8 | Q70: 2 | R70: =IF('global_freelancer-quick ana'!$Q70 < 7, "Short Duration", IF('global_freelancer-quick ana'!$Q70 <= 12, "Medium Duration", "Long Duration")) -> Short Duration | S70: =IF('global_freelancer-quick ana'!$M70 <= 50%, "POOR", IF('global_freelancer-quick ana'!$M70 <= 70%, "GOOD", "EXCELLENT")) -> EXCELLENT | T70: =SUM(B70:S70) -> 18.29
A71: FL250070 | B71: Gina Thompson | C71: Female | D71: 60 | E71: {=INDEX('global_freelancer-quick ana'!$C$2:$C$1001, MODE(MATCH('global_freelancer-quick ana'!$C$2:$C$1001, 'global_freelancer-quick ana'!$C$2:$C$1001, 0)))} -> Male | F71: China | G71: Mandarin | H71: UI/UX Design | I71: 38 | J71: 20 | K71: 2 | L71: FALSE | M71: 0.71 | N71: Pending | O71: Inactive | P71: 19 | Q71: 7 | R71: =IF('global_freelancer-quick ana'!$Q71 < 7, "Short Duration", IF('global_freelancer-quick ana'!$Q71 <= 12, "Medium Duration", "Long Duration")) -> Medium Duration | S71: =IF('global_freelancer-quick ana'!$M71 <= 50%, "POOR", IF('global_freelancer-quick ana'!$M71 <= 70%, "GOOD", "EXCELLENT")) -> EXCELLENT | T71: =SUM(B71:S71) -> 146.71
A72: FL250071 | B72: Yvonne Berg | C72: Female | D72: 33 | E72: {=INDEX('global_freelancer-quick ana'!$C$2:$C$1001, MODE(MATCH('global_freelancer-quick ana'!$C$2:$C$1001, 'global_freelancer-quick ana'!$C$2:$C$1001, 0)))} -> Male | F72: South Africa | G72: Afrikaans | H72: Mobile Apps | I72: 11 | K72: 2.5125695 | L72: TRUE | M72: 0.84 | N72: Reviewed | O72: Inactive | P72: 6 | Q72: 3 | R72: =IF('global_freelancer-quick ana'!$Q72 < 7, "Short Duration", IF('global_freelancer-quick ana'!$Q72 <= 12, "Medium Duration", "Long Duration")) -> Short Duration | S72: =IF('global_freelancer-quick ana'!$M72 <= 50%, "POOR", IF('global_freelancer-quick ana'!$M72 <= 70%, "GOOD", "EXCELLENT")) -> EXCELLENT | T72: =SUM(B72:S72) -> 56.35257
A73: FL250072 | B73: Thomas Miller | C73: Male | D73: 60 | E73: {=INDEX('global_freelancer-quick ana'!$C$2:$C$1001, MODE(MATCH('global_freelancer-quick ana'!$C$2:$C$1001, 'global_freelancer-quick ana'!$C$2:$C$1001, 0)))} -> Male | F73: Italy | G73: Italian | H73: DevOps | I73: 13 | J73: 50 | K73: 1 | L73: FALSE | M73: 0.79 | N73: Pending | O73: On Hold | P73: 15 | Q73: 1 | R73: =IF('global_freelancer-quick ana'!$Q73 < 7, "Short Duration", IF('global_freelancer-quick ana'!$Q73 <= 12, "Medium Duration", "Long Duration")) -> Short Duration | S73: =IF('global_freelancer-quick ana'!$M73 <= 50%, "POOR", IF('global_freelancer-quick ana'!$M73 <= 70%, "GOOD", "EXCELLENT")) -> EXCELLENT | T73: =SUM(B73:S73) -> 140.79
A74: FL250073 | B74: Nicholas Burton | C74: Male | D74: 40 | E74: {=INDEX('global_freelancer-quick ana'!$C$2:$C$1001, MODE(MATCH('global_freelancer-quick ana'!$C$2:$C$1001, 'global_freelancer-quick ana'!$C$2:$C$1001, 0)))} -> Male | F74: US | G74: English | H74: Web Development | I74: 9 | J74: 100 | K74: 4.5 | L74: TRUE | M74: 0.69 | N74: Pending | O74: Inactive | P74: 11 | Q74: 10 | R74: =IF('global_freelancer-quick ana'!$Q74 < 7, "Short Duration", IF('global_freelancer-quick ana'!$Q74 <= 12, "Medium Duration", "Long Duration")) -> Medium Duration | S74: =IF('global_freelancer-quick ana'!$M74 <= 50%, "POOR", IF('global_freelancer-quick ana'!$M74 <= 70%, "GOOD", "EXCELLENT")) -> GOOD | T74: =SUM(B74:S74) -> 175.19
A75: FL250074 | B75: Jorge Riley | C75: Male | D75: 59 | E75: {=INDEX('global_freelancer-quick ana'!$C$2:$C$1001, MODE(MATCH('global_freelancer-quick ana'!$C$2:$C$1001, 'global_freelancer-quick ana'!$C$2:$C$1001, 0)))} -> Male | F75: Australia | G75: English | H75: Blockchain Development | I75: 4 | K75: 1.9 | L75: FALSE | M75: 0.88 | N75: Follow-up | O75: Active | P75: 5 | Q75: 1 | R75: =IF('global_freelancer-quick ana'!$Q75 < 7, "Short Duration", IF('global_freelancer-quick ana'!$Q75 <= 12, "Medium Duration", "Long Duration")) -> Short Duration | S75: =IF('global_freelancer-quick ana'!$M75 <= 50%, "POOR", IF('global_freelancer-quick ana'!$M75 <= 70%, "GOOD", "EXCELLENT")) -> EXCELLENT | T75: =SUM(B75:S75) -> 71.78
A76: FL250075 | B76: Melvin Harris | C76: Male | D76: 36 | E76: {=INDEX('global_freelancer-quick ana'!$C$2:$C$1001, MODE(MATCH('global_freelancer-quick ana'!$C$2:$C$1001, 'global_freelancer-quick ana'!$C$2:$C$1001, 0)))} -> Male | G76: Italian | H76: Machine Learning | I76: 14 | J76: 100 | K76: 3.7 | L76: FALSE | M76: 0.79 | N76: Reviewed | O76: Completed | P76: 9 | Q76: 5 | R76: =IF('global_freelancer-quick ana'!$Q76 < 7, "Short Duration", IF('global_freelancer-quick ana'!$Q76 <= 12, "Medium Duration", "Long Duration")) -> Short Duration | S76: =IF('global_freelancer-quick ana'!$M76 <= 50%, "POOR", IF('global_freelancer-quick ana'!$M76 <= 70%, "GOOD", "EXCELLENT")) -> EXCELLENT | T76: =SUM(B76:S76) -> 168.49
A77: FL250076 | B77: Jeremy Meyer | C77: Male | D77: 32 | E77: {=INDEX('global_freelancer-quick ana'!$C$2:$C$1001, MODE(MATCH('global_freelancer-quick ana'!$C$2:$C$1001, 'global_freelancer-quick ana'!$C$2:$C$1001, 0)))} -> Male | F77: India | G77: Hindi | H77: Data Analysis | I77: 0 | J77: 30 | K77: 1.9 | L77: TRUE | M77: 0.96 | N77: Urgent | O77: Completed | P77: 2 | Q77: 2 | R77: =IF('global_freelancer-quick ana'!$Q77 < 7, "Short Duration", IF('global_freelancer-quick ana'!$Q77 <= 12, "Medium Duration", "Long Duration")) -> Short Duration | S77: =IF('global_freelancer-quick ana'!$M77 <= 50%, "POOR", IF('global_freelancer-quick ana'!$M77 <= 70%, "GOOD", "EXCELLENT")) -> EXCELLENT | T77: =SUM(B77:S77) -> 38.86
A78: FL250077 | B78: Timothy Lee | C78: Male | D78: 59 | E78: {=INDEX('global_freelancer-quick ana'!$C$2:$C$1001, MODE(MATCH('global_freelancer-quick ana'!$C$2:$C$1001, 'global_freelancer-quick ana'!$C$2:$C$1001, 0)))} -> Male | F78: Australia | G78: English | H78: AI | I78: 9 | J78: 75 | K78: 4 | L78: TRUE | M78: 0.96 | N78: Pending | O78: Active | P78: 14 | Q78: 5 | R78: =IF('global_freelancer-quick ana'!$Q78 < 7, "Short Duration", IF('global_freelancer-quick ana'!$Q78 <= 12, "Medium Duration", "Long Duration")) -> Short Duration | S78: =IF('global_freelancer-quick ana'!$M78 <= 50%, "POOR", IF('global_freelancer-quick ana'!$M78 <= 70%, "GOOD", "EXCELLENT")) -> EXCELLENT | T78: =SUM(B78:S78) -> 166.96
A79: FL250078 | B79: Diana Bautista | C79: Female | D79: 54 | E79: {=INDEX('global_freelancer-quick ana'!$C$2:$C$1001, MODE(MATCH('global_freelancer-quick ana'!$C$2:$C$1001, 'global_freelancer-quick ana'!$C$2:$C$1001, 0)))} -> Male | F79: Spain | G79: Spanish | H79: DevOps | I79: 32 | J79: 40 | K79: 1.8 | L79: FALSE | M79: 0.79 | N79: Reviewed | O79: On Hold | P79: 10 | Q79: 7 | R79: =IF('global_freelancer-quick ana'!$Q79 < 7, "Short Duration", IF('global_freelancer-quick ana'!$Q79 <= 12, "Medium Duration", "Long Duration")) -> Medium Duration | S79: =IF('global_freelancer-quick ana'!$M79 <= 50%, "POOR", IF('global_freelancer-quick ana'!$M79 <= 70%, "GOOD", "EXCELLENT")) -> EXCELLENT | T79: =SUM(B79:S79) -> 145.59
A80: FL250079 | B80: Leslie Rodriguez | C80: Female | D80: 37 | E80: {=INDEX('global_freelancer-quick ana'!$C$2:$C$1001, MODE(MATCH('global_freelancer-quick ana'!$C$2:$C$1001, 'global_freelancer-quick ana'!$C$2:$C$1001, 0)))} -> Male | F80: Canada | G80: English | H80: Graphic Design | I80: 9 | K80: 0 | L80: TRUE | M80: 0.89 | N80: Follow-up | O80: On Hold | P80: 14 | Q80: 6 | R80: =IF('global_freelancer-quick ana'!$Q80 < 7, "Short Duration", IF('global_freelancer-quick ana'!$Q80 <= 12, "Medium Duration", "Long Duration")) -> Short Duration | S80: =IF('global_freelancer-quick ana'!$M80 <= 50%, "POOR", IF('global_freelancer-quick ana'!$M80 <= 70%, "GOOD", "EXCELLENT")) -> EXCELLENT | T80: =SUM(B80:S80) -> 66.89
A81: FL250080 | B81: Noah Wiggins | C81: Male | D81: 54 | E81: {=INDEX('global_freelancer-quick ana'!$C$2:$C$1001, MODE(MATCH('global_freelancer-quick ana'!$C$2:$C$1001, 'global_freelancer-quick ana'!$C$2:$C$1001, 0)))} -> Male | F81: India | G81: Hindi | H81: Machine Learning | I81: 21 | J81: 100 | K81: 4.6 | L81: FALSE | M81: 0.79 | N81: Urgent | O81: Completed | P81: 20 | Q81: 3 | R81: =IF('global_freelancer-quick ana'!$Q81 < 7, "Short Duration", IF('global_freelancer-quick ana'!$Q81 <= 12, "Medium Duration", "Long Duration")) -> Short Duration | S81: =IF('global_freelancer-quick ana'!$M81 <= 50%, "POOR", IF('global_freelancer-quick ana'!$M81 <= 70%, "GOOD", "EXCELLENT")) -> EXCELLENT | T81: =SUM(B81:S81) -> 203.39
A82: FL250081 | B82: Bridget Williams | C82: Female | D82: 33 | E82: {=INDEX('global_freelancer-quick ana'!$C$2:$C$1001, MODE(MATCH('global_freelancer-quick ana'!$C$2:$C$1001, 'global_freelancer-quick ana'!$C$2:$C$1001, 0)))} -> Male | F82: Argentina | G82: Spanish | H82: UI/UX Design | I82: 12 | J82: 100 | K82: 3.6 | L82: FALSE | M82: 0.63 | N82: Reviewed | O82: Inactive | P82: 10 | Q82: 2 | R82: =IF('global_freelancer-quick ana'!$Q82 < 7, "Short Duration", IF('global_freelancer-quick ana'!$Q82 <= 12, "Medium Duration", "Long Duration")) -> Short Duration | S82: =IF('global_freelancer-quick ana'!$M82 <= 50%, "POOR", IF('global_freelancer-quick ana'!$M82 <= 70%, "GOOD", "EXCELLENT")) -> GOOD | T82: =SUM(B82:S82) -> 61.23
A83: FL250082 | B83: Veronica Baker | C83: Female | D83: 25 | E83: {=INDEX('global_freelancer-quick ana'!$C$2:$C$1001, MODE(MATCH('global_freelancer-quick ana'!$C$2:$C$1001, 'global_freelancer-quick ana'!$C$2:$C$1001, 0)))} -> Male | F83: Egypt | G83: Arabic | H83: Web Development | I83: 7 | J83: 40 | K83: 4.4 | L83: Unknown | M83: 0.81 | N83: Urgent | O83: On Hold | P83: 11 | Q83: 8 | R83: =IF('global_freelancer-quick ana'!$Q83 < 7, "Short Duration", IF('global_freelancer-quick ana'!$Q83 <= 12, "Medium Duration", "Long Duration")) -> Medium Duration | S83: =IF('global_freelancer-quick ana'!$M83 <= 50%, "POOR", IF('global_freelancer-quick ana'!$M83 <= 70%, "GOOD", "EXCELLENT")) -> EXCELLENT | T83: =SUM(B83:S83) -> 96.21
A84: FL250083 | B84: Andrew Avila | C84: Male | E84: {=INDEX('global_freelancer-quick ana'!$C$2:$C$1001, MODE(MATCH('global_freelancer-quick ana'!$C$2:$C$1001, 'global_freelancer-quick ana'!$C$2:$C$1001, 0)))} -> Male | F84: China | G84: Mandarin | H84: DevOps | I84: 3 | J84: 40 | K84: 4.6 | L84: FALSE | M84: 0.74 | N84: Urgent | O84: On Hold | P84: 1 | Q84: 1 | R84: =IF('global_freelancer-quick ana'!$Q84 < 7, "Short Duration", IF('global_freelancer-quick ana'!$Q84 <= 12, "Medium Duration", "Long Duration")) -> Short Duration | S84: =IF('global_freelancer-quick ana'!$M84 <= 50%, "POOR", IF('global_freelancer-quick ana'!$M84 <= 70%, "GOOD", "EXCELLENT")) -> EXCELLENT | T84: =SUM(B84:S84) -> 10.34
A85: FL250084 | B85: Michael Roberson | C85: Male | D85: 35 | E85: {=INDEX('global_freelancer-quick ana'!$C$2:$C$1001, MODE(MATCH('global_freelancer-quick ana'!$C$2:$C$1001, 'global_freelancer-quick ana'!$C$2:$C$1001, 0)))} -> Male | F85: South Korea | G85: Korean | H85: Web Development | I85: 5 | J85: 75 | K85: 3.2 | L85: FALSE | M85: 0.72 | N85: Urgent | O85: Active | P85: 2 | Q85: 1 | R85: =IF('global_freelancer-quick ana'!$Q85 < 7, "Short Duration", IF('global_freelancer-quick ana'!$Q85 <= 12, "Medium Duration", "Long Duration")) -> Short Duration | S85: =IF('global_freelancer-quick ana'!$M85 <= 50%, "POOR", IF('global_freelancer-quick ana'!$M85 <= 70%, "GOOD", "EXCELLENT")) -> EXCELLENT | T85: =SUM(B85:S85) -> 121.92
A86: FL250085 | B86: Austin Jenkins | C86: Male | D86: 59 | E86: {=INDEX('global_freelancer-quick ana'!$C$2:$C$1001, MODE(MATCH('global_freelancer-quick ana'!$C$2:$C$1001, 'global_freelancer-quick ana'!$C$2:$C$1001, 0)))} -> Male | F86: South Korea | G86: Korean | H86: AI | I86: 30 | J86: 40 | K86: 0 | L86: TRUE | M86: 0.79 | N86: Pending | O86: Active | P86: 13 | Q86: 13 | R86: =IF('global_freelancer-quick ana'!$Q86 < 7, "Short Duration", IF('global_freelancer-quick ana'!$Q86 <= 12, "Medium Duration", "Long Duration")) -> Long Duration | S86: =IF('global_freelancer-quick ana'!$M86 <= 50%, "POOR", IF('global_freelancer-quick ana'!$M86 <= 70%, "GOOD", "EXCELLENT")) -> EXCELLENT | T86: =SUM(B86:S86) -> 155.79
A87: FL250086 | B87: Brenda Green | C87: Female | D87: 21 | E87: {=INDEX('global_freelancer-quick ana'!$C$2:$C$1001, MODE(MATCH('global_freelancer-quick ana'!$C$2:$C$1001, 'global_freelancer-quick ana'!$C$2:$C$1001, 0)))} -> Male | F87: China | G87: Mandarin | H87: DevOps | I87: 2 | J87: 100 | K87: 2.6 | L87: TRUE | M87: 0.85 | N87: Pending | O87: Inactive | P87: 5 | Q87: 3 | R87: =IF('global_freelancer-quick ana'!$Q87 < 7, "Short Duration", IF('global_freelancer-quick ana'!$Q87 <= 12, "Medium Duration", "Long Duration")) -> Short Duration | S87: =IF('global_freelancer-quick ana'!$M87 <= 50%, "POOR", IF('global_freelancer-quick ana'!$M87 <= 70%, "GOOD", "EXCELLENT")) -> EXCELLENT | T87: =SUM(B87:S87) -> 34.45
A88: FL250087 | B88: Samuel Pierce | C88: Male | D88: 25 | E88: {=INDEX('global_freelancer-quick ana'!$C$2:$C$1001, MODE(MATCH('global_freelancer-quick ana'!$C$2:$C$1001, 'global_freelancer-quick ana'!$C$2:$C$1001, 0)))} -> Male | F88: US | G88: English | H88: Mobile Apps | I88: 2 | J88: 75 | K88: 3.7 | L88: FALSE | M88: 0.79 | N88: Follow-up | O88: On Hold | P88: 1 | Q88: 1 | R88: =IF('global_freelancer-quick ana'!$Q88 < 7, "Short Duration", IF('global_freelancer-quick ana'!$Q88 <= 12, "Medium Duration", "Long Duration")) -> Short Duration | S88: =IF('global_freelancer-quick ana'!$M88 <= 50%, "POOR", IF('global_freelancer-quick ana'!$M88 <= 70%, "GOOD", "EXCELLENT")) -> EXCELLENT | T88: =SUM(B88:S88) -> 108.49
A89: FL250088 | B89: Briana Smith | C89: Female | D89: 38 | E89: {=INDEX('global_freelancer-quick ana'!$C$2:$C$1001, MODE(MATCH('global_freelancer-quick ana'!$C$2:$C$1001, 'global_freelancer-quick ana'!$C$2:$C$1001, 0)))} -> Male | F89: Mexico | G89: Spanish | H89: Web Development | I89: 19 | J89: 75 | K89: 2.3 | L89: FALSE | M89: 0.61 | N89: Follow-up | O89: On Hold | P89: 20 | Q89: 9 | R89: =IF('global_freelancer-quick ana'!$Q89 < 7, "Short Duration", IF('global_freelancer-quick ana'!$Q89 <= 12, "Medium Duration", "Long Duration")) -> Medium Duration | S89: =IF('global_freelancer-quick ana'!$M89 <= 50%, "POOR", IF('global_freelancer-quick ana'!$M89 <= 70%, "GOOD", "EXCELLENT")) -> GOOD | T89: =SUM(B89:S89) -> 88.91
A90: FL250089 | B90: Ronald Barrett | C90: Male | D90: 57 | E90: {=INDEX('global_freelancer-quick ana'!$C$2:$C$1001, MODE(MATCH('global_freelancer-quick ana'!$C$2:$C$1001, 'global_freelancer-quick ana'!$C$2:$C$1001, 0)))} -> Male | F90: Russia | G90: Russian | H90: AI | I90: 16 | J90: 100 | K90: 3.1 | L90: FALSE | M90: 0.79 | N90: Reviewed | O90: Active | P90: 18 | Q90: 4 | R90: =IF('global_freelancer-quick ana'!$Q90 < 7, "Short Duration", IF('global_freelancer-quick ana'!$Q90 <= 12, "Medium Duration", "Long Duration")) -> Short Duration | S90: =IF('global_freelancer-quick ana'!$M90 <= 50%, "POOR", IF('global_freelancer-quick ana'!$M90 <= 70%, "GOOD", "EXCELLENT")) -> EXCELLENT | T90: =SUM(B90:S90) -> 98.89
A91: FL250090 | B91: Matthew Smith | C91: Male | D91: 32 | E91: {=INDEX('global_freelancer-quick ana'!$C$2:$C$1001, MODE(MATCH('global_freelancer-quick ana'!$C$2:$C$1001, 'global_freelancer-quick ana'!$C$2:$C$1001, 0)))} -> Male | F91: India | G91: Hindi | H91: Mobile Apps | I91: 10 | J91: 20 | K91: 2.4 | L91: FALSE | M91: 0.86 | N91: Follow-up | O91: On Hold | P91: 9 | Q91: 3 | R91: =IF('global_freelancer-quick ana'!$Q91 < 7, "Short Duration", IF('global_freelancer-quick ana'!$Q91 <= 12, "Medium Duration", "Long Duration")) -> Short Duration | S91: =IF('global_freelancer-quick ana'!$M91 <= 50%, "POOR", IF('global_freelancer-quick ana'!$M91 <= 70%, "GOOD", "EXCELLENT")) -> EXCELLENT | T91: =SUM(B91:S91) -> 77.26
A92: FL250091 | B92: Logan Huang | C92: Male | D92: 21 | E92: {=INDEX('global_freelancer-quick ana'!$C$2:$C$1001, MODE(MATCH('global_freelancer-quick ana'!$C$2:$C$1001, 'global_freelancer-quick ana'!$C$2:$C$1001, 0)))} -> Male | F92: Italy | G92: Italian | H92: DevOps | I92: 2 | J92: 100 | K92: 1.6 | L92: TRUE | M92: 0.97 | N92: Urgent | O92: Completed | P92: 4 | Q92: 2 | R92: =IF('global_freelancer-quick ana'!$Q92 < 7, "Short Duration", IF('global_freelancer-quick ana'!$Q92 <= 12, "Medium Duration", "Long Duration")) -> Short Duration | S92: =IF('global_freelancer-quick ana'!$M92 <= 50%, "POOR", IF('global_freelancer-quick ana'!$M92 <= 70%, "GOOD", "EXCELLENT")) -> EXCELLENT | T92: =SUM(B92:S92) -> 131.57
A93: FL250092 | B93: Miranda Hutchinson | C93: Female | D93: 57 | E93: {=INDEX('global_freelancer-quick ana'!$C$2:$C$1001, MODE(MATCH('global_freelancer-quick ana'!$C$2:$C$1001, 'global_freelancer-quick ana'!$C$2:$C$1001, 0)))} -> Male | F93: Canada | G93: English | H93: Cybersecurity | I93: 18 | J93: 50 | K93: 2.4 | L93: TRUE | M93: 0.63 | N93: Urgent | O93: Active | P93: 11 | Q93: 9 | R93: =IF('global_freelancer-quick ana'!$Q93 < 7, "Short Duration", IF('global_freelancer-quick ana'!$Q93 <= 12, "Medium Duration", "Long Duration")) -> Medium Duration | S93: =IF('global_freelancer-quick ana'!$M93 <= 50%, "POOR", IF('global_freelancer-quick ana'!$M93 <= 70%, "GOOD", "EXCELLENT")) -> GOOD | T93: =SUM(B93:S93) -> 98.03
A94: FL250093 | B94: Paul Richardson | C94: Male | D94: 53 | E94: {=INDEX('global_freelancer-quick ana'!$C$2:$C$1001, MODE(MATCH('global_freelancer-quick ana'!$C$2:$C$1001, 'global_freelancer-quick ana'!$C$2:$C$1001, 0)))} -> Male | F94: China | G94: Mandarin | H94: UI/UX Design | I94: 21 | J94: 100 | K94: 2.5125695 | L94: TRUE | M94: 0.97 | N94: Pending | O94: Inactive | P94: 20 | Q94: 10 | R94: =IF('global_freelancer-quick ana'!$Q94 < 7, "Short Duration", IF('global_freelancer-quick ana'!$Q94 <= 12, "Medium Duration", "Long Duration")) -> Medium Duration | S94: =IF('global_freelancer-quick ana'!$M94 <= 50%, "POOR", IF('global_freelancer-quick ana'!$M94 <= 70%, "GOOD", "EXCELLENT")) -> EXCELLENT | T94: =SUM(B94:S94) -> 207.48257
A95: FL250094 | B95: Jose Jones | C95: Male | D95: 35 | E95: {=INDEX('global_freelancer-quick ana'!$C$2:$C$1001, MODE(MATCH('global_freelancer-quick ana'!$C$2:$C$1001, 'global_freelancer-quick ana'!$C$2:$C$1001, 0)))} -> Male | F95: Russia | G95: Russian | H95: Blockchain Development | I95: 3 | J95: 30 | K95: 3.8 | L95: TRUE | M95: 0.81 | N95: Urgent | O95: Active | P95: 3 | Q95: 2 | R95: =IF('global_freelancer-quick ana'!$Q95 < 7, "Short Duration", IF('global_freelancer-quick ana'!$Q95 <= 12, "Medium Duration", "Long Duration")) -> Short Duration | S95: =IF('global_freelancer-quick ana'!$M95 <= 50%, "POOR", IF('global_freelancer-quick ana'!$M95 <= 70%, "GOOD", "EXCELLENT")) -> EXCELLENT | T95: =SUM(B95:S95) -> 77.61
A96: FL250095 | B96: Denise Smith | C96: Female | D96: 54 | E96: {=INDEX('global_freelancer-quick ana'!$C$2:$C$1001, MODE(MATCH('global_freelancer-quick ana'!$C$2:$C$1001, 'global_freelancer-quick ana'!$C$2:$C$1001, 0)))} -> Male | F96: China | G96: Mandarin | H96: Machine Learning | I96: 17 | J96: 20 | K96: 1.7 | L96: FALSE | M96: 0.69 | N96: Reviewed | O96: On Hold | P96: 17 | Q96: 15 | R96: =IF('global_freelancer-quick ana'!$Q96 < 7, "Short Duration", IF('global_freelancer-quick ana'!$Q96 <= 12, "Medium Duration", "Long Duration")) -> Long Duration | S96: =IF('global_freelancer-quick ana'!$M96 <= 50%, "POOR", IF('global_freelancer-quick ana'!$M96 <= 70%, "GOOD", "EXCELLENT")) -> GOOD | T96: =SUM(B96:S96) -> 105.39
A97: FL250096 | B97: Shelby Mcmahon | C97: Female | D97: 36 | E97: {=INDEX('global_freelancer-quick ana'!$C$2:$C$1001, MODE(MATCH('global_freelancer-quick ana'!$C$2:$C$1001, 'global_freelancer-quick ana'!$C$2:$C$1001, 0)))} -> Male | F97: Italy | G97: Italian | H97: UI/UX Design | I97: 0 | J97: 20 | K97: 1.3 | L97: TRUE | M97: 0.64 | N97: Urgent | O97: Inactive | P97: 2 | Q97: 2 | R97: =IF('global_freelancer-quick ana'!$Q97 < 7, "Short Duration", IF('global_freelancer-quick ana'!$Q97 <= 12, "Medium Duration", "Long Duration")) -> Short Duration | S97: =IF('global_freelancer-quick ana'!$M97 <= 50%, "POOR", IF('global_freelancer-quick ana'!$M97 <= 70%, "GOOD", "EXCELLENT")) -> GOOD | T97: =SUM(B97:S97) -> 41.94
A98: FL250097 | B98: Bethany Wright | C98: Female | D98: 49 | E98: {=INDEX('global_freelancer-quick ana'!$C$2:$C$1001, MODE(MATCH('global_freelancer-quick ana'!$C$2:$C$1001, 'global_freelancer-quick ana'!$C$2:$C$1001, 0)))} -> Male | F98: Spain | G98: Spanish | H98: Cybersecurity | I98: 25 | J98: 50 | K98: 5 | L98: FALSE | M98: 0.77 | N98: Urgent | O98: Active | P98: 14 | Q98: 8 | R98: =IF('global_freelancer-quick ana'!$Q98 < 7, "Short Duration", IF('global_freelancer-quick ana'!$Q98 <= 12, "Medium Duration", "Long Duration")) -> Medium Duration | S98: =IF('global_freelancer-quick ana'!$M98 <= 50%, "POOR", IF('global_freelancer-quick ana'!$M98 <= 70%, "GOOD", "EXCELLENT")) -> EXCELLENT | T98: =SUM(B98:S98) -> 101.77
A99: FL250098 | B99: David Ortiz | C99: Male | D99: 37 | E99: {=INDEX('global_freelancer-quick ana'!$C$2:$C$1001, MODE(MATCH('global_freelancer-quick ana'!$C$2:$C$1001, 'global_freelancer-quick ana'!$C$2:$C$1001, 0)))} -> Male | F99: US | G99: English | H99: Blockchain Development | I99: 17 | J99: 20 | K99: 3.3 | L99: FALSE | M99: 0.96 | N99: Reviewed | O99: Completed | P99: 20 | Q99: 11 | R99: =IF('global_freelancer-quick ana'!$Q99 < 7, "Short Duration", IF('global_freelancer-quick ana'!$Q99 <= 12, "Medium Duration", "Long Duration")) -> Medium Duration | S99: =IF('global_freelancer-quick ana'!$M99 <= 50%, "POOR", IF('global_freelancer-quick ana'!$M99 <= 70%, "GOOD", "EXCELLENT")) -> EXCELLENT | T99: =SUM(B99:S99) -> 89.26
A100: FL250099 | B100: Andrew Lynch | C100: Male | E100: {=INDEX('global_freelancer-quick ana'!$C$2:$C$1001, MODE(MATCH('global_freelancer-quick ana'!$C$2:$C$1001, 'global_freelancer-quick ana'!$C$2:$C$1001, 0)))} -> Male | F100: US | G100: English | H100: UI/UX Design | I100: 5 | J100: 20 | K100: 1.1 | L100: FALSE | M100: 0.74 | N100: Follow-up | O100: Completed | P100: 2 | Q100: 1 | R100: =IF('global_freelancer-quick ana'!$Q100 < 7, "Short Duration", IF('global_freelancer-quick ana'!$Q100 <= 12, "Medium Duration", "Long Duration")) -> Short Duration | S100: =IF('global_freelancer-quick ana'!$M100 <= 50%, "POOR", IF('global_freelancer-quick ana'!$M100 <= 70%, "GOOD", "EXCELLENT")) -> EXCELLENT | T100: =SUM(B100:S100) -> 29.84
...

Sheet Formula
A2: checking Duration period
A3: IF([@[duration_months]] < 7, "Short Duration", IF([@[duration_months]] <= 12, "Medium Duration", "Long Duration"))
A5: IF([@[client_satisfaction]] <= 50%, "POOR", IF([@[client_satisfaction]] <= 70%, "GOOD", "EXCELLENT"))
A7: Date & Time Functions
A8: TODAY(), NOW(), YEAR(), MONTH(), WEEKDAY(), DATEDIF()
A10: =TODAY() -> 45987 | E10: TODAY()
A11: =NOW() -> 45987.506 | E11: NOW()
A12: =YEAR(A10) -> 2025 | E12: YEAR(A10)
A13: =MONTH(A10) -> 11 | E13: MONTH(A10)
A14: Calculating age
A15: 34783 | C15: =DATEDIF(A15, TODAY(), "Y") -> 30 | E15: DATEDIF(A15, TODAY(), "Y")
A19: VLOOKUP
A21: ID | B21: NAME | C21: RATING
A22: FL250001 | B22: Ms. Nicole Kidd | C22: 2.5125695
A23: FL250002 | B23: Vanessa Garcia | C23: 3.3
A24: FL250003 | B24: Juan Nelson | C24: 0
A25: FL250004 | B25: Amanda Spencer | C25: 1.5
A26: FL250005 | B26: Lynn Curtis DDS | C26: 4.8
A27: FL250006 | B27: Lisa Johnson | C27: 2.4
A28: FL250007 | B28: Eric Myers | C28: 3.1
A29: FL250008 | B29: Ricky Graham | C29: 4.6
A30: FL250009 | B30: Sean Martin | C30: 4
A32: XLOOKUP
A33: id | B33: NAME | C33: Rating
A34: FL250006 | B34: Ricky Graham | C34: {=_xlfn.XLOOKUP(A34&B34,A22:A30&B22:B30,C22:C30, 1)} -> 1 | E34: XLOOKUP(A34&B34,A22:A30&B22:B30,C22:C30, 1)
A36: VLOOKUP
B37: ID | C37: RATING
B38: FL250008 | C38: =VLOOKUP(B38,A21:C30, 3, FALSE) -> 4.6 | E38: VLOOKUP(B38,A21:C30, 3, FALSE)
A41: INDEX AND MATCH FORMULA
A43: INDEX(global_freelancer_raw!$C$2:$C$1001, MODE(MATCH(global_freelancer_raw!$C$2:$C$1001, global_freelancer_raw!$C$2:$C$1001, 0)))

Sheet Power Query
A1: freelancer_ID | B1: name | C1: gender | D1: age | E1: country | F1: language | G1: primary_skill | H1: years_of_experience | I1: hourly_rate (USD) | J1: rating | K1: is_active | L1: client_satisfaction | M1: Notes | N1: Status | O1: no of projects | P1: duration_months | Q1: Duration Period | R1: Client satisfaction analysis | S1: Column1
A2: FL250001 | B2: Ms. Nicole Kidd | C2: Female | D2: 52 | E2: Italy | F2: Italian | G2: Blockchain Development | H2: 11 | I2: 100 | J2: 2.5125695 | K2: FALSE | L2: 0.79 | M2: Reviewed | N2: On Hold | O2: 13 | P2: 6 | Q2: Short Duration | R2: EXCELLENT | S2: =SUM(D2:R2) -> 185.30257
A3: FL250002 | B3: Vanessa Garcia | C3: Female | D3: 52 | E3: Australia | F3: English | G3: Mobile Apps | H3: 34 | I3: 100 | J3: 3.3 | K3: TRUE | L3: 0.84 | M3: Reviewed | N3: Completed | O3: 10 | P3: 7 | Q3: Medium Duration | R3: EXCELLENT | S3: =SUM(D3:R3) -> 207.14
A4: FL250003 | B4: Juan Nelson | C4: Male | D4: 53 | E4: Germany | F4: Germany | G4: Graphic Design | H4: 31 | I4: 50 | J4: 0 | K4: FALSE | L4: 0.71 | M4: Reviewed | N4: Active | O4: 16 | P4: 16 | Q4: Long Duration | R4: EXCELLENT | S4: =SUM(D4:R4) -> 166.71
A5: FL250004 | B5: Amanda Spencer | C5: Female | D5: 38 | E5: Australia | F5: English | G5: Web Development | H5: 4 | I5: 40 | J5: 1.5 | K5: FALSE | L5: 0.9 | M5: Reviewed | N5: Completed | O5: 5 | P5: 1 | Q5: Short Duration | R5: EXCELLENT | S5: =SUM(D5:R5) -> 90.4
A6: FL250005 | B6: Lynn Curtis DDS | C6: Female | D6: 53 | E6: Germany | F6: Germany | H6: 27 | I6: 30 | J6: 4.8 | K6: FALSE | L6: 0.83 | M6: Reviewed | N6: On Hold | O6: 13 | P6: 3 | Q6: Short Duration | R6: EXCELLENT | S6: =SUM(D6:R6) -> 131.63
A7: FL250006 | B7: Lisa Johnson | C7: Female | D7: 59 | E7: Netherlands | F7: Dutch | G7: AI | H7: 14 | I7: 30 | J7: 2.4 | K7: FALSE | L7: 0.79 | M7: Urgent | N7: Active | O7: 8 | P7: 3 | Q7: Short Duration | R7: EXCELLENT | S7: =SUM(D7:R7) -> 117.19
A8: FL250007 | B8: Eric Myers | C8: Male | D8: 52 | E8: Indonesia | F8: Indonesian | G8: Data Analysis | H8: 10 | I8: 75 | J8: 3.1 | K8: FALSE | L8: 0.94 | M8: Reviewed | N8: On Hold | O8: 10 | P8: 3 | Q8: Short Duration | R8: EXCELLENT | S8: =SUM(D8:R8) -> 154.04
A9: FL250008 | B9: Ricky Graham | C9: Male | D9: 43 | E9: Italy | F9: Italian | G9: Blockchain Development | H9: 14 | I9: 40 | J9: 4.6 | K9: FALSE | L9: 0.94 | M9: Urgent | N9: On Hold | O9: 7 | P9: 10 | Q9: Medium Duration | R9: EXCELLENT | S9: =SUM(D9:R9) -> 119.54
A10: FL250009 | B10: Sean Martin | C10: Male | D10: 26 | E10: US | F10: English | G10: Blockchain Development | H10: 4 | J10: 4 | K10: TRUE | L10: 0.76 | M10: Reviewed | N10: Inactive | O10: 2 | P10: 4 | Q10: Short Duration | R10: EXCELLENT | S10: =SUM(D10:R10) -> 40.76
A11: FL250010 | B11: Matthew Lloyd | C11: Male | D11: 52 | E11: Turkey | F11: Turkish | G11: AI | H11: 22 | I11: 50 | J11: 2.5125695 | K11: TRUE | L11: 0.79 | M11: Pending | N11: Active | O11: 16 | P11: 5 | Q11: Short Duration | R11: EXCELLENT | S11: =SUM(D11:R11) -> 148.30257
A12: FL250011 | B12: Gavin Randall | C12: Male | D12: 40 | E12: UK | F12: English | G12: Data Analysis | H12: 17 | I12: 40 | J12: 3.6 | K12: TRUE | L12: 0.77 | M12: Follow-up | N12: Inactive | O12: 20 | P12: 5 | Q12: Short Duration | R12: EXCELLENT | S12: =SUM(D12:R12) -> 126.37
A13: FL250012 | B13: Michelle Curtis | C13: Female | D13: 55 | E13: Argentina | F13: Spanish | G13: UI/UX Design | H13: 15 | J13: 2.5125695 | K13: TRUE | L13: 0.86 | M13: Urgent | N13: Active | O13: 13 | P13: 4 | Q13: Short Duration | R13: EXCELLENT | S13: =SUM(D13:R13) -> 90.37257
A14: FL250013 | B14: Alice Schneider | C14: Female | D14: 57 | E14: UK | F14: English | G14: Cybersecurity | H14: 18 | J14: 2 | K14: FALSE | L14: 0.86 | M14: Reviewed | N14: On Hold | O14: 16 | P14: 15 | Q14: Long Duration | R14: EXCELLENT | S14: =SUM(D14:R14) -> 108.86
A15: FL250014 | B15: Phillip Shelton | C15: Male | D15: 38 | F15: Spanish | G15: Graphic Design | H15: 20 | I15: 75 | J15: 2.9 | K15: TRUE | L15: 0.93 | M15: Pending | N15: On Hold | O15: 17 | P15: 12 | Q15: Medium Duration | R15: EXCELLENT | S15: =SUM(D15:R15) -> 165.83
A16: FL250015 | B16: Edward Ferguson | C16: Male | D16: 50 | E16: Germany | F16: Germany | G16: Data Analysis | H16: 22 | I16: 75 | J16: 3.7 | K16: TRUE | L16: 0.7 | M16: Follow-up | N16: Completed | O16: 14 | P16: 6 | Q16: Short Duration | R16: GOOD | S16: =SUM(D16:R16) -> 171.4
A17: FL250016 | B17: Wyatt Stout | C17: Male | D17: 42 | E17: Japan | F17: Japanese | H17: 0 | I17: 30 | J17: 1.2 | K17: FALSE | L17: 0.69 | M17: Urgent | N17: Active | O17: 5 | P17: 2 | Q17: Short Duration | R17: GOOD | S17: =SUM(D17:R17) -> 80.89
A18: FL250017 | B18: Laura Johnson | C18: Female | D18: 39 | E18: Australia | F18: English | G18: DevOps | H18: 13 | I18: 30 | J18: 2.5 | K18: FALSE | L18: 0.6 | M18: Follow-up | N18: Inactive | O18: 7 | P18: 1 | Q18: Short Duration | R18: GOOD | S18: =SUM(D18:R18) -> 93.1
A19: FL250018 | B19: Scott Burns | C19: Male | D19: 56 | E19: India | F19: Hindi | G19: Blockchain Development | H19: 0 | J19: 2.5125695 | K19: Unknown | L19: 0.87 | M19: Pending | N19: Completed | O19: 1 | P19: 2 | Q19: Short Duration | R19: EXCELLENT | S19: =SUM(D19:R19) -> 62.38257
A20: FL250019 | B20: Tyler Aguirre | C20: Male | D20: 56 | E20: US | F20: English | G20: UI/UX Design | H20: 31 | I20: 50 | J20: 1.1 | K20: FALSE | L20: 0.75 | M20: Urgent | N20: Completed | O20: 13 | P20: 3 | Q20: Short Duration | R20: EXCELLENT | S20: =SUM(D20:R20) -> 154.85
A21: FL250020 | B21: Matthew Lawson | C21: Male | D21: 57 | E21: Italy | F21: Italian | G21: Web Development | H21: 3 | I21: 100 | J21: 1.8 | K21: TRUE | L21: 0.68 | M21: Follow-up | N21: Completed | O21: 1 | P21: 1 | Q21: Short Duration | R21: GOOD | S21: =SUM(D21:R21) -> 164.48
A22: FL250021 | B22: James Cherry | C22: Male | E22: Indonesia | F22: Indonesian | G22: AI | H22: 9 | I22: 50 | J22: 1.8 | K22: FALSE | L22: 0.65 | M22: Reviewed | N22: Inactive | O22: 15 | P22: 6 | Q22: Short Duration | R22: GOOD | S22: =SUM(D22:R22) -> 82.45
A23: FL250022 | B23: Samuel Sanford | C23: Male | D23: 51 | E23: Japan | F23: Japanese | G23: DevOps | H23: 0 | J23: 2.4 | K23: FALSE | L23: 0.69 | M23: Urgent | N23: Completed | O23: 3 | P23: 5 | Q23: Short Duration | R23: GOOD | S23: =SUM(D23:R23) -> 62.09
A24: FL250023 | B24: Cesar Greene | C24: Male | D24: 51 | E24: Brazil | F24: Portuguese | G24: Cybersecurity | H24: 21 | I24: 30 | J24: 4.7 | K24: FALSE | L24: 0.79 | M24: Follow-up | N24: Inactive | O24: 14 | P24: 2 | Q24: Short Duration | R24: EXCELLENT | S24: =SUM(D24:R24) -> 123.49
A25: FL250024 | B25: Melanie Carter | C25: Female | D25: 51 | E25: South Korea | F25: Korean | G25: Machine Learning | H25: 15 | I25: 50 | J25: 1.3 | K25: TRUE | L25: 1 | M25: Pending | N25: Completed | O25: 9 | P25: 3 | Q25: Short Duration | R25: EXCELLENT | S25: =SUM(D25:R25) -> 130.3
A26: FL250025 | B26: Jennifer Martin | C26: Female | D26: 54 | E26: Indonesia | F26: Indonesian | G26: Machine Learning | H26: 13 | I26: 75 | J26: 2.9 | K26: Unknown | L26: 0.92 | M26: Pending | N26: Inactive | O26: 15 | P26: 3 | Q26: Short Duration | R26: EXCELLENT | S26: =SUM(D26:R26) -> 163.82
A27: FL250026 | B27: Anna Mccann | C27: Female | D27: 22 | E27: South Korea | F27: Korean | G27: DevOps | H27: 0 | I27: 30 | J27: 1.2 | K27: TRUE | L27: 0.7 | M27: Urgent | N27: On Hold | O27: 5 | P27: 2 | Q27: Short Duration | R27: GOOD | S27: =SUM(D27:R27) -> 60.9
A28: FL250027 | B28: Marissa Bass | C28: Female | D28: 34 | E28: Japan | F28: Japanese | G28: Blockchain Development | H28: 8 | I28: 20 | J28: 0 | K28: TRUE | L28: 0.89 | M28: Follow-up | N28: On Hold | O28: 6 | P28: 1 | Q28: Short Duration | R28: EXCELLENT | S28: =SUM(D28:R28) -> 69.89
A29: FL250028 | B29: Alexis Day | C29: Female | D29: 36 | E29: Russia | F29: Russian | G29: Graphic Design | H29: 11 | J29: 1.8 | K29: TRUE | L29: 0.86 | M29: Urgent | N29: On Hold | O29: 12 | P29: 4 | Q29: Short Duration | R29: EXCELLENT | S29: =SUM(D29:R29) -> 65.66
A30: FL250029 | B30: Megan Jones | C30: Female | D30: 47 | E30: Canada | F30: English | G30: AI | H30: 22 | I30: 30 | J30: 1.3 | K30: FALSE | L30: 0.62 | M30: Urgent | N30: On Hold | O30: 14 | P30: 2 | Q30: Short Duration | R30: GOOD | S30: =SUM(D30:R30) -> 116.92
A31: FL250030 | B31: Lori Smith | C31: Female | D31: 41 | E31: Netherlands | F31: Dutch | G31: Data Analysis | H31: 14 | I31: 75 | J31: 1.2 | K31: FALSE | L31: 0.79 | M31: Follow-up | N31: On Hold | O31: 6 | P31: 5 | Q31: Short Duration | R31: EXCELLENT | S31: =SUM(D31:R31) -> 142.99
A32: FL250031 | B32: Eric Carpenter | C32: Male | D32: 22 | E32: Netherlands | F32: Dutch | G32: DevOps | H32: 4 | J32: 1 | K32: TRUE | L32: 0.79 | M32: Follow-up | N32: Completed | O32: 3 | P32: 1 | Q32: Short Duration | R32: EXCELLENT | S32: =SUM(D32:R32) -> 31.79
A33: FL250032 | B33: Timothy Daniels | C33: Male | D33: 38 | E33: France | F33: French | G33: Machine Learning | H33: 19 | I33: 100 | J33: 4.2 | K33: FALSE | L33: 0.68 | M33: Reviewed | N33: Completed | O33: 10 | P33: 10 | Q33: Medium Duration | R33: GOOD | S33: =SUM(D33:R33) -> 181.88
A34: FL250033 | B34: Robert Nelson | C34: Male | D34: 46 | E34: Egypt | F34: Arabic | G34: AI | H34: 9 | I34: 20 | J34: 1.4 | K34: TRUE | L34: 0.76 | M34: Follow-up | N34: Completed | O34: 13 | P34: 6 | Q34: Short Duration | R34: EXCELLENT | S34: =SUM(D34:R34) -> 96.16
A35: FL250034 | B35: Michael Anderson | C35: Male | E35: South Korea | F35: Korean | G35: AI | H35: 9 | I35: 40 | J35: 2.4 | K35: TRUE | L35: 0.82 | M35: Pending | N35: Inactive | O35: 15 | P35: 3 | Q35: Short Duration | R35: EXCELLENT | S35: =SUM(D35:R35) -> 70.22
A36: FL250035 | B36: Jessica Snyder | C36: Female | D36: 54 | E36: US | F36: English | G36: Web Development | H36: 32 | I36: 75 | J36: 1 | K36: TRUE | L36: 0.81 | M36: Urgent | N36: Inactive | O36: 18 | P36: 10 | Q36: Medium Duration | R36: EXCELLENT | S36: =SUM(D36:R36) -> 190.81
A37: FL250036 | B37: Emily Daniels | C37: Female | D37: 52 | E37: South Korea | F37: Korean | H37: 28 | I37: 20 | J37: 2.5125695 | K37: FALSE | L37: 0.79 | M37: Urgent | N37: Inactive | O37: 18 | P37: 2 | Q37: Short Duration | R37: EXCELLENT | S37: =SUM(D37:R37) -> 123.30257
A38: FL250037 | B38: Jamie Ramirez | C38: Female | D38: 42 | E38: Japan | F38: Japanese | G38: Mobile Apps | H38: 6 | I38: 40 | J38: 2.5125695 | K38: FALSE | L38: 0.63 | M38: Pending | N38: Inactive | O38: 15 | P38: 6 | Q38: Short Duration | R38: GOOD | S38: =SUM(D38:R38) -> 112.14257
A39: FL250038 | B39: Amy Harrison | C39: Female | D39: 29 | E39: Netherlands | F39: Dutch | G39: Graphic Design | H39: 10 | I39: 40 | J39: 2.2 | K39: FALSE | L39: 0.67 | M39: Follow-up | N39: On Hold | O39: 10 | P39: 9 | Q39: Medium Duration | R39: GOOD | S39: =SUM(D39:R39) -> 100.87
A40: FL250039 | B40: Melinda White | C40: Female | D40: 42 | E40: South Africa | F40: Afrikaans | G40: Mobile Apps | H40: 23 | I40: 50 | J40: 3.2 | K40: TRUE | L40: 0.79 | M40: Pending | N40: On Hold | O40: 13 | P40: 3 | Q40: Short Duration | R40: EXCELLENT | S40: =SUM(D40:R40) -> 134.99
A41: FL250040 | B41: James Hernandez | C41: Male | D41: 60 | E41: Japan | F41: Japanese | G41: Web Development | H41: 13 | I41: 20 | J41: 3.6 | K41: FALSE | L41: 0.8 | M41: Pending | N41: On Hold | O41: 9 | P41: 3 | Q41: Short Duration | R41: EXCELLENT | S41: =SUM(D41:R41) -> 109.4
A42: FL250041 | B42: Angelica Rogers | C42: Female | D42: 59 | E42: UK | F42: English | G42: AI | H42: 3 | I42: 50 | J42: 0 | K42: FALSE | L42: 0.79 | M42: Reviewed | N42: Active | O42: 3 | P42: 1 | Q42: Short Duration | R42: EXCELLENT | S42: =SUM(D42:R42) -> 116.79
A43: FL250042 | B43: Savannah Williams | C43: Female | D43: 21 | E43: Canada | F43: English | G43: Web Development | H43: 0 | I43: 30 | J43: 2.7 | K43: TRUE | L43: 0.84 | M43: Pending | N43: Completed | O43: 5 | P43: 1 | Q43: Short Duration | R43: EXCELLENT | S43: =SUM(D43:R43) -> 60.54
A44: FL250043 | B44: Kaitlyn Schmidt | C44: Female | D44: 35 | E44: Germany | F44: Germany | G44: DevOps | H44: 10 | I44: 50 | J44: 0 | K44: FALSE | L44: 0.79 | M44: Urgent | N44: Inactive | O44: 7 | P44: 6 | Q44: Short Duration | R44: EXCELLENT | S44: =SUM(D44:R44) -> 108.79
A45: FL250044 | B45: Jason Singh | C45: Male | D45: 41 | E45: UK | F45: English | G45: Data Analysis | H45: 0 | I45: 20 | J45: 2.8 | K45: TRUE | L45: 0.63 | M45: Pending | N45: Inactive | O45: 1 | P45: 1 | Q45: Short Duration | R45: GOOD | S45: =SUM(D45:R45) -> 66.43
A46: FL250045 | B46: Michelle Ramirez | C46: Female | D46: 51 | E46: Netherlands | F46: Dutch | G46: Machine Learning | H46: 23 | I46: 20 | J46: 2.5 | K46: FALSE | L46: 0.8 | M46: Urgent | N46: On Hold | O46: 17 | P46: 15 | Q46: Long Duration | R46: EXCELLENT | S46: =SUM(D46:R46) -> 129.3
A47: FL250046 | B47: James Brown | C47: Male | D47: 41 | E47: South Africa | F47: Afrikaans | G47: Web Development | H47: 9 | I47: 75 | J47: 4.9 | K47: TRUE | L47: 0.74 | M47: Urgent | N47: Inactive | O47: 13 | P47: 8 | Q47: Medium Duration | R47: EXCELLENT | S47: =SUM(D47:R47) -> 151.64
A48: FL250047 | B48: Mrs. Samantha Simmons | C48: Female | D48: 47 | E48: Egypt | F48: Arabic | G48: DevOps | H48: 15 | I48: 30 | J48: 4.5 | K48: TRUE | L48: 0.85 | M48: Urgent | N48: Inactive | O48: 12 | P48: 4 | Q48: Short Duration | R48: EXCELLENT | S48: =SUM(D48:R48) -> 113.35
A49: FL250048 | B49: Chase Mason | C49: Male | D49: 25 | E49: China | F49: Mandarin | G49: Graphic Design | H49: 4 | I49: 50 | J49: 2.7 | K49: FALSE | L49: 0.77 | M49: Follow-up | N49: Completed | O49: 4 | P49: 3 | Q49: Short Duration | R49: EXCELLENT | S49: =SUM(D49:R49) -> 89.47
A50: FL250049 | B50: Dominique Ward | C50: Female | D50: 25 | E50: Mexico | F50: Spanish | G50: Mobile Apps | H50: 7 | I50: 20 | J50: 1.9 | K50: FALSE | L50: 0.79 | M50: Reviewed | N50: On Hold | O50: 12 | P50: 10 | Q50: Medium Duration | R50: EXCELLENT | S50: =SUM(D50:R50) -> 76.69
A51: FL250050 | B51: Lance Griffin | C51: Male | D51: 29 | F51: Dutch | G51: UI/UX Design | H51: 1 | I51: 20 | J51: 1.4 | K51: TRUE | L51: 0.63 | M51: Urgent | N51: Completed | O51: 2 | P51: 1 | Q51: Short Duration | R51: GOOD | S51: =SUM(D51:R51) -> 55.03
A52: FL250051 | B52: Julie Burgess | C52: Female | D52: 23 | E52: Argentina | F52: Spanish | G52: Cybersecurity | H52: 0 | I52: 75 | J52: 1.9 | K52: TRUE | L52: 0.79 | M52: Urgent | N52: Active | O52: 2 | P52: 5 | Q52: Short Duration | R52: EXCELLENT | S52: =SUM(D52:R52) -> 107.69
A53: FL250052 | B53: Don Scott | C53: Male | D53: 31 | E53: France | F53: French | G53: Data Analysis | H53: 8 | I53: 50 | J53: 3.4 | K53: FALSE | L53: 0.79 | M53: Follow-up | N53: Active | O53: 11 | P53: 3 | Q53: Short Duration | R53: EXCELLENT | S53: =SUM(D53:R53) -> 107.19
A54: FL250053 | B54: Kyle Atkinson | C54: Male | D54: 51 | E54: Germany | F54: Germany | G54: Machine Learning | H54: 33 | I54: 75 | J54: 3.3 | K54: Unknown | L54: 0.68 | M54: Urgent | N54: Active | O54: 17 | P54: 8 | Q54: Medium Duration | R54: GOOD | S54: =SUM(D54:R54) -> 187.98
A55: FL250054 | B55: Jimmy Hogan | C55: Male | E55: Spain | F55: Spanish | G55: UI/UX Design | H55: 1 | I55: 30 | J55: 0 | K55: FALSE | L55: 0.68 | M55: Pending | N55: On Hold | O55: 1 | P55: 2 | Q55: Short Duration | R55: GOOD | S55: =SUM(D55:R55) -> 34.68
A56: FL250055 | B56: Jennifer Mcintyre | C56: Female | D56: 29 | E56: Turkey | F56: Turkish | G56: Cybersecurity | H56: 11 | I56: 100 | J56: 2.3 | K56: TRUE | L56: 0.72 | M56: Pending | N56: Inactive | O56: 7 | P56: 7 | Q56: Medium Duration | R56: EXCELLENT | S56: =SUM(D56:R56) -> 157.02
A57: FL250056 | B57: Larry Simpson | C57: Male | D57: 50 | E57: UK | F57: English | G57: AI | H57: 15 | J57: 2 | K57: TRUE | L57: 0.65 | M57: Reviewed | N57: On Hold | O57: 7 | P57: 7 | Q57: Medium Duration | R57: GOOD | S57: =SUM(D57:R57) -> 81.65
A58: FL250057 | B58: Laura Price | C58: Female | D58: 26 | E58: UK | F58: English | G58: DevOps | H58: 8 | I58: 50 | J58: 1.3 | K58: FALSE | L58: 0.76 | M58: Urgent | N58: On Hold | O58: 7 | P58: 5 | Q58: Short Duration | R58: EXCELLENT | S58: =SUM(D58:R58) -> 98.06
A59: FL250058 | B59: Mark Wright | C59: Male | D59: 38 | E59: Canada | F59: English | G59: AI | H59: 17 | I59: 40 | J59: 4 | K59: TRUE | L59: 0.9 | M59: Follow-up | N59: Inactive | O59: 16 | P59: 11 | Q59: Medium Duration | R59: EXCELLENT | S59: =SUM(D59:R59) -> 126.9
A60: FL250059 | B60: Samantha Mcdaniel | C60: Female | D60: 23 | E60: India | F60: Hindi | G60: Mobile Apps | H60: 0 | I60: 75 | J60: 3.6 | K60: TRUE | L60: 0.65 | M60: Pending | N60: Completed | O60: 2 | P60: 4 | Q60: Short Duration | R60: GOOD | S60: =SUM(D60:R60) -> 108.25
A61: FL250060 | B61: Barbara Foster | C61: Female | D61: 51 | E61: South Africa | F61: Afrikaans | G61: DevOps | H61: 28 | I61: 40 | J61: 3.9 | K61: FALSE | L61: 0.63 | M61: Follow-up | N61: Active | O61: 13 | P61: 6 | Q61: Short Duration | R61: GOOD | S61: =SUM(D61:R61) -> 142.53
A62: FL250061 | B62: Courtney Tran | C62: Female | D62: 51 | E62: Indonesia | F62: Indonesian | G62: AI | H62: 33 | I62: 75 | J62: 0 | K62: TRUE | L62: 0.79 | M62: Follow-up | N62: Completed | O62: 14 | P62: 8 | Q62: Medium Duration | R62: EXCELLENT | S62: =SUM(D62:R62) -> 181.79
A63: FL250062 | B63: Eddie Todd | C63: Male | D63: 47 | E63: Germany | F63: Germany | G63: AI | H63: 18 | I63: 75 | J63: 0 | K63: FALSE | L63: 0.79 | M63: Pending | N63: Active | O63: 11 | P63: 8 | Q63: Medium Duration | R63: EXCELLENT | S63: =SUM(D63:R63) -> 159.79
A64: FL250063 | B64: Christine Johnson | C64: Female | D64: 34 | E64: Russia | F64: Russian | G64: UI/UX Design | H64: 16 | I64: 20 | J64: 2.3 | K64: TRUE | L64: 0.93 | M64: Follow-up | N64: On Hold | O64: 15 | P64: 5 | Q64: Short Duration | R64: EXCELLENT | S64: =SUM(D64:R64) -> 93.23
A65: FL250064 | B65: Leah Phelps | C65: Female | D65: 58 | E65: Indonesia | F65: Indonesian | G65: Data Analysis | H65: 35 | I65: 50 | J65: 4.7 | K65: FALSE | L65: 0.7 | M65: Pending | N65: Active | O65: 17 | P65: 13 | Q65: Long Duration | R65: GOOD | S65: =SUM(D65:R65) -> 178.4
A66: FL250065 | B66: Rebekah Williams | C66: Female | D66: 50 | E66: Russia | F66: Russian | G66: AI | H66: 14 | J66: 3.5 | K66: TRUE | L66: 0.83 | M66: Follow-up | N66: On Hold | O66: 13 | P66: 8 | Q66: Medium Duration | R66: EXCELLENT | S66: =SUM(D66:R66) -> 89.33
A67: FL250066 | B67: Crystal Wilson | C67: Female | D67: 34 | E67: Spain | F67: Spanish | G67: Web Development | H67: 12 | I67: 40 | J67: 2.4 | K67: TRUE | L67: 0.64 | M67: Pending | N67: Completed | O67: 14 | P67: 12 | Q67: Medium Duration | R67: GOOD | S67: =SUM(D67:R67) -> 115.04
A68: FL250067 | B68: Ashley Cordova | C68: Female | D68: 45 | E68: Brazil | F68: Portuguese | G68: AI | H68: 11 | I68: 75 | J68: 4 | K68: FALSE | L68: 1 | M68: Urgent | N68: On Hold | O68: 9 | P68: 2 | Q68: Short Duration | R68: EXCELLENT | S68: =SUM(D68:R68) -> 147
A69: FL250068 | B69: Vicki Kelly | C69: Female | D69: 55 | E69: Brazil | F69: Portuguese | G69: Web Development | H69: 0 | I69: 40 | J69: 0 | K69: TRUE | L69: 0.79 | M69: Reviewed | N69: Completed | O69: 5 | P69: 5 | Q69: Short Duration | R69: EXCELLENT | S69: =SUM(D69:R69) -> 105.79
A70: FL250069 | B70: Corey Warren | C70: Male | E70: Argentina | F70: Spanish | G70: UI/UX Design | H70: 6 | I70: 100 | J70: 1.5 | K70: FALSE | L70: 0.79 | M70: Pending | N70: Inactive | O70: 8 | P70: 2 | Q70: Short Duration | R70: EXCELLENT | S70: =SUM(D70:R70) -> 118.29
A71: FL250070 | B71: Gina Thompson | C71: Female | D71: 60 | E71: China | F71: Mandarin | G71: UI/UX Design | H71: 38 | I71: 20 | J71: 2 | K71: FALSE | L71: 0.71 | M71: Pending | N71: Inactive | O71: 19 | P71: 7 | Q71: Medium Duration | R71: EXCELLENT | S71: =SUM(D71:R71) -> 146.71
A72: FL250071 | B72: Yvonne Berg | C72: Female | D72: 33 | E72: South Africa | F72: Afrikaans | G72: Mobile Apps | H72: 11 | J72: 2.5125695 | K72: TRUE | L72: 0.84 | M72: Reviewed | N72: Inactive | O72: 6 | P72: 3 | Q72: Short Duration | R72: EXCELLENT | S72: =SUM(D72:R72) -> 56.35257
A73: FL250072 | B73: Thomas Miller | C73: Male | D73: 60 | E73: Italy | F73: Italian | G73: DevOps | H73: 13 | I73: 50 | J73: 1 | K73: FALSE | L73: 0.79 | M73: Pending | N73: On Hold | O73: 15 | P73: 1 | Q73: Short Duration | R73: EXCELLENT | S73: =SUM(D73:R73) -> 140.79
A74: FL250073 | B74: Nicholas Burton | C74: Male | D74: 40 | E74: US | F74: English | G74: Web Development | H74: 9 | I74: 100 | J74: 4.5 | K74: TRUE | L74: 0.69 | M74: Pending | N74: Inactive | O74: 11 | P74: 10 | Q74: Medium Duration | R74: GOOD | S74: =SUM(D74:R74) -> 175.19
A75: FL250074 | B75: Jorge Riley | C75: Male | D75: 59 | E75: Australia | F75: English | G75: Blockchain Development | H75: 4 | J75: 1.9 | K75: FALSE | L75: 0.88 | M75: Follow-up | N75: Active | O75: 5 | P75: 1 | Q75: Short Duration | R75: EXCELLENT | S75: =SUM(D75:R75) -> 71.78
A76: FL250075 | B76: Melvin Harris | C76: Male | D76: 36 | F76: Italian | G76: Machine Learning | H76: 14 | I76: 100 | J76: 3.7 | K76: FALSE | L76: 0.79 | M76: Reviewed | N76: Completed | O76: 9 | P76: 5 | Q76: Short Duration | R76: EXCELLENT | S76: =SUM(D76:R76) -> 168.49
A77: FL250076 | B77: Jeremy Meyer | C77: Male | D77: 32 | E77: India | F77: Hindi | G77: Data Analysis | H77: 0 | I77: 30 | J77: 1.9 | K77: TRUE | L77: 0.96 | M77: Urgent | N77: Completed | O77: 2 | P77: 2 | Q77: Short Duration | R77: EXCELLENT | S77: =SUM(D77:R77) -> 68.86
A78: FL250077 | B78: Timothy Lee | C78: Male | D78: 59 | E78: Australia | F78: English | G78: AI | H78: 9 | I78: 75 | J78: 4 | K78: TRUE | L78: 0.96 | M78: Pending | N78: Active | O78: 14 | P78: 5 | Q78: Short Duration | R78: EXCELLENT | S78: =SUM(D78:R78) -> 166.96
A79: FL250078 | B79: Diana Bautista | C79: Female | D79: 54 | E79: Spain | F79: Spanish | G79: DevOps | H79: 32 | I79: 40 | J79: 1.8 | K79: FALSE | L79: 0.79 | M79: Reviewed | N79: On Hold | O79: 10 | P79: 7 | Q79: Medium Duration | R79: EXCELLENT | S79: =SUM(D79:R79) -> 145.59
A80: FL250079 | B80: Leslie Rodriguez | C80: Female | D80: 37 | E80: Canada | F80: English | G80: Graphic Design | H80: 9 | J80: 0 | K80: TRUE | L80: 0.89 | M80: Follow-up | N80: On Hold | O80: 14 | P80: 6 | Q80: Short Duration | R80: EXCELLENT | S80: =SUM(D80:R80) -> 66.89
A81: FL250080 | B81: Noah Wiggins | C81: Male | D81: 54 | E81: India | F81: Hindi | G81: Machine Learning | H81: 21 | I81: 100 | J81: 4.6 | K81: FALSE | L81: 0.79 | M81: Urgent | N81: Completed | O81: 20 | P81: 3 | Q81: Short Duration | R81: EXCELLENT | S81: =SUM(D81:R81) -> 203.39
A82: FL250081 | B82: Bridget Williams | C82: Female | D82: 33 | E82: Argentina | F82: Spanish | G82: UI/UX Design | H82: 12 | I82: 100 | J82: 3.6 | K82: FALSE | L82: 0.63 | M82: Reviewed | N82: Inactive | O82: 10 | P82: 2 | Q82: Short Duration | R82: GOOD | S82: =SUM(D82:R82) -> 161.23
A83: FL250082 | B83: Veronica Baker | C83: Female | D83: 25 | E83: Egypt | F83: Arabic | G83: Web Development | H83: 7 | I83: 40 | J83: 4.4 | K83: Unknown | L83: 0.81 | M83: Urgent | N83: On Hold | O83: 11 | P83: 8 | Q83: Medium Duration | R83: EXCELLENT | S83: =SUM(D83:R83) -> 96.21
A84: FL250083 | B84: Andrew Avila | C84: Male | E84: China | F84: Mandarin | G84: DevOps | H84: 3 | I84: 40 | J84: 4.6 | K84: FALSE | L84: 0.74 | M84: Urgent | N84: On Hold | O84: 1 | P84: 1 | Q84: Short Duration | R84: EXCELLENT | S84: =SUM(D84:R84) -> 50.34
A85: FL250084 | B85: Michael Roberson | C85: Male | D85: 35 | E85: South Korea | F85: Korean | G85: Web Development | H85: 5 | I85: 75 | J85: 3.2 | K85: FALSE | L85: 0.72 | M85: Urgent | N85: Active | O85: 2 | P85: 1 | Q85: Short Duration | R85: EXCELLENT | S85: =SUM(D85:R85) -> 121.92
A86: FL250085 | B86: Austin Jenkins | C86: Male | D86: 59 | E86: South Korea | F86: Korean | G86: AI | H86: 30 | I86: 40 | J86: 0 | K86: TRUE | L86: 0.79 | M86: Pending | N86: Active | O86: 13 | P86: 13 | Q86: Long Duration | R86: EXCELLENT | S86: =SUM(D86:R86) -> 155.79
A87: FL250086 | B87: Brenda Green | C87: Female | D87: 21 | E87: China | F87: Mandarin | G87: DevOps | H87: 2 | I87: 100 | J87: 2.6 | K87: TRUE | L87: 0.85 | M87: Pending | N87: Inactive | O87: 5 | P87: 3 | Q87: Short Duration | R87: EXCELLENT | S87: =SUM(D87:R87) -> 134.45
A88: FL250087 | B88: Samuel Pierce | C88: Male | D88: 25 | E88: US | F88: English | G88: Mobile Apps | H88: 2 | I88: 75 | J88: 3.7 | K88: FALSE | L88: 0.79 | M88: Follow-up | N88: On Hold | O88: 1 | P88: 1 | Q88: Short Duration | R88: EXCELLENT | S88: =SUM(D88:R88) -> 108.49
A89: FL250088 | B89: Briana Smith | C89: Female | D89: 38 | E89: Mexico | F89: Spanish | G89: Web Development | H89: 19 | I89: 75 | J89: 2.3 | K89: FALSE | L89: 0.61 | M89: Follow-up | N89: On Hold | O89: 20 | P89: 9 | Q89: Medium Duration | R89: GOOD | S89: =SUM(D89:R89) -> 163.91
A90: FL250089 | B90: Ronald Barrett | C90: Male | D90: 57 | E90: Russia | F90: Russian | G90: AI | H90: 16 | I90: 100 | J90: 3.1 | K90: FALSE | L90: 0.79 | M90: Reviewed | N90: Active | O90: 18 | P90: 4 | Q90: Short Duration | R90: EXCELLENT | S90: =SUM(D90:R90) -> 198.89
A91: FL250090 | B91: Matthew Smith | C91: Male | D91: 32 | E91: India | F91: Hindi | G91: Mobile Apps | H91: 10 | I91: 20 | J91: 2.4 | K91: FALSE | L91: 0.86 | M91: Follow-up | N91: On Hold | O91: 9 | P91: 3 | Q91: Short Duration | R91: EXCELLENT | S91: =SUM(D91:R91) -> 77.26
A92: FL250091 | B92: Logan Huang | C92: Male | D92: 21 | E92: Italy | F92: Italian | G92: DevOps | H92: 2 | I92: 100 | J92: 1.6 | K92: TRUE | L92: 0.97 | M92: Urgent | N92: Completed | O92: 4 | P92: 2 | Q92: Short Duration | R92: EXCELLENT | S92: =SUM(D92:R92) -> 131.57
A93: FL250092 | B93: Miranda Hutchinson | C93: Female | D93: 57 | E93: Canada | F93: English | G93: Cybersecurity | H93: 18 | I93: 50 | J93: 2.4 | K93: TRUE | L93: 0.63 | M93: Urgent | N93: Active | O93: 11 | P93: 9 | Q93: Medium Duration | R93: GOOD | S93: =SUM(D93:R93) -> 148.03
A94: FL250093 | B94: Paul Richardson | C94: Male | D94: 53 | E94: China | F94: Mandarin | G94: UI/UX Design | H94: 21 | I94: 100 | J94: 2.5125695 | K94: TRUE | L94: 0.97 | M94: Pending | N94: Inactive | O94: 20 | P94: 10 | Q94: Medium Duration | R94: EXCELLENT | S94: =SUM(D94:R94) -> 207.48257
A95: FL250094 | B95: Jose Jones | C95: Male | D95: 35 | E95: Russia | F95: Russian | G95: Blockchain Development | H95: 3 | I95: 30 | J95: 3.8 | K95: TRUE | L95: 0.81 | M95: Urgent | N95: Active | O95: 3 | P95: 2 | Q95: Short Duration | R95: EXCELLENT | S95: =SUM(D95:R95) -> 77.61
A96: FL250095 | B96: Denise Smith | C96: Female | D96: 54 | E96: China | F96: Mandarin | G96: Machine Learning | H96: 17 | I96: 20 | J96: 1.7 | K96: FALSE | L96: 0.69 | M96: Reviewed | N96: On Hold | O96: 17 | P96: 15 | Q96: Long Duration | R96: GOOD | S96: =SUM(D96:R96) -> 125.39
... A99: FL250098 | B99: David Ortiz | C99: Male | D99: 37 | E99: US | F99: English | G99: Blockchain Development | H99: 17 | I99: 20 | J99: 3.3 | K99: FALSE | L99: 0.96 | M99: Reviewed | N99: Completed | O99: 20 | P99: 11 | Q99: Medium Duration | R99: EXCELLENT | S99: =SUM(D99:R99) -> 109.26
A100: FL250099 | B100: Andrew Lynch | C100: Male | E100: US | F100: English | G100: UI/UX Design | H100: 5 | I100: 20 | J100: 1.1 | K100: FALSE | L100: 0.74 | M100: Follow-up | N100: Completed | O100: 2 | P100: 1 | Q100: Short Duration | R100: EXCELLENT | S100: =SUM(D100:R100) -> 29.84
A101: FL250100 | B101: Kristopher Meyers | C101: Male | D101: 32 | E101: Egypt | F101: Arabic | G101: UI/UX Design | H101: 10 | I101: 50 | J101: 1.2 | K101: FALSE | L101: 0.89 | M101: Follow-up | N101: Active | O101: 8 | P101: 12 | Q101: Medium Duration | R101: EXCELLENT | S101: =SUM(D101:R101) -> 114.09
A102: FL250101 | B102: Thomas Roth | C102: Male | D102: 35 | E102: India | F102: Hindi | G102: Mobile Apps | H102: 0 | J102: 2 | K102: TRUE | L102: 0.64 | M102: Reviewed | N102: Completed | O102: 4 | P102: 1 | Q102: Short Duration | R102: GOOD | S102: =SUM(D102:R102) -> 42.64
...

Sheet descriptive statistics
A1: no of projects | C1: duration_months
H2: rating
A3: Mean | B3: 8.715 | C3: Mean | D3: 5.114
A4: Standard Error | B4: 0.17398289 | C4: Standard Error | D4: 0.1280836 | H4: Mean | I4: 2.5125695
A5: Median | B5: 8 | C5: Median | D5: 4 | H5: Standard Error | I5: 0.046369582
A6: Mode | B6: 1 | C6: Mode | D6: 1 | H6: Median | I6: 2.5125695
A7: Standard Deviation | B7: 5.501822 | C7: Standard Deviation | D7: 4.0503592 | H7: Mode | I7: 0
A8: Sample Variance | B8: 30.270045 | C8: Sample Variance | D8: 16.405409 | H8: Standard Deviation | I8: 1.4663349
A9: Kurtosis | B9: -1.1352764 | C9: Kurtosis | D9: 0.16959204 | H9: Sample Variance | I9: 2.1501381
A10: Skewness | B10: 0.24552448 | C10: Skewness | D10: 0.97501666 | H10: Kurtosis | I10: -0.84822482
A11: Range | B11: 19 | C11: Range | D11: 19 | H11: Skewness | I11: -0.2145297
A12: Minimum | B12: 1 | C12: Minimum | D12: 1 | H12: Range | I12: 5
A13: Maximum | B13: 20 | C13: Maximum | D13: 20 | H13: Minimum | I13: 0
A14: Sum | B14: 8715 | C14: Sum | D14: 5114 | H14: Maximum | I14: 5
A15: Count | B15: 1000 | C15: Count | D15: 1000 | H15: Sum | I15: 2512.5695
A16: Confidence Level(95.0%) | B16: 0.34141383 | C16: Confidence Level(95.0%) | D16: 0.25134377 | H16: Count | I16: 1000
H17: Confidence Level(95.0%) | I17: 0.090992953

Sheet Pivot tables
A1: People Vs Rating | E1: Country Vs Project | I1: Skill Vs Count of People | L1: People Vs Duration
A3: Names | B3: Sum of rating | E3: Country | F3: Count of country | G3: Sum of no of projects | I3: Skill | J3: Count of name | L3: Row Labels | M3: Sum of duration_months
A4: Aaron Blair | B4: 2.1 | E4: (blank) | G4: 36 | I4: (blank) | J4: 3 | L4: Aaron Blair | M4: 1
A5: Aaron Hicks | B5: 2.2 | E5: Argentina | F5: 46 | G5: 368 | I5: AI | J5: 100 | L5: Aaron Hicks | M5: 8
A6: Aaron Pruitt | B6: 0 | E6: Australia | F6: 51 | G6: 441 | I6: Blockchain Development | J6: 105 | L6: Aaron Pruitt | M6: 7
A7: Aaron Stewart PhD | B7: 4.7 | E7: Brazil | F7: 31 | G7: 274 | I7: Cybersecurity | J7: 86 | L7: Aaron Stewart PhD | M7: 3
A8: Adam Clay | B8: 1.5 | E8: Canada | F8: 65 | G8: 544 | I8: Data Analysis | J8: 95 | L8: Adam Clay | M8: 11
A9: Adam Griffith | B9: 3.2 | E9: China | F9: 49 | G9: 397 | I9: DevOps | J9: 112 | L9: Adam Griffith | M9: 8
A10: Adam Kelly PhD | B10: 2.4 | E10: Egypt | F10: 42 | G10: 346 | I10: Graphic Design | J10: 93 | L10: Adam Kelly PhD | M10: 2
A11: Adam Payne | B11: 2.5125695 | E11: France | F11: 44 | G11: 403 | I11: Machine Learning | J11: 93 | L11: Adam Payne | M11: 9
A12: Adam Stone | B12: 3.4 | E12: Germany | F12: 52 | G12: 433 | I12: Mobile Apps | J12: 102 | L12: Adam Stone | M12: 3
A13: Alan Mendoza | B13: 4.1 | E13: India | F13: 45 | G13: 361 | I13: UI/UX Design | J13: 109 | L13: Alan Mendoza | M13: 14
A14: Alan Williams | B14: 3.8 | E14: Indonesia | F14: 45 | G14: 451 | I14: Web Development | J14: 102 | L14: Alan Williams | M14: 2
A15: Albert Wilcox | B15: 0 | E15: Italy | F15: 41 | G15: 353 | I15: Grand Total | J15: 1000 | L15: Albert Wilcox | M15: 3
A16: Alex Novak | B16: 2.5125695 | E16: Japan | F16: 37 | G16: 323 | L16: Alex Novak | M16: 10
A17: Alex Smith | B17: 4.3 | E17: Mexico | F17: 50 | G17: 478 | L17: Alex Smith | M17: 1
A18: Alex Wilson | B18: 3.8 | E18: Netherlands | F18: 50 | G18: 472 | L18: Alex Wilson | M18: 2
A19: Alexa Gallegos | B19: 0 | E19: Russia | F19: 47 | G19: 410 | L19: Alexa Gallegos | M19: 5
A20: Alexander Griffin | B20: 3.4 | E20: South Africa | F20: 44 | G20: 388 | L20: Alexander Griffin | M20: 3
A21: Alexander Hogan | B21: 3.6 | E21: South Korea | F21: 68 | G21: 566 | L21: Alexander Hogan | M21: 2
A22: Alexander Woodward | B22: 3 | E22: Spain | F22: 45 | G22: 365 | L22: Alexander Woodward | M22: 3
A23: Alexandra Sims | B23: 0 | E23: Turkey | F23: 45 | G23: 372 | L23: Alexandra Sims | M23: 1
A24: Alexis Day | B24: 1.8 | E24: UK | F24: 50 | G24: 456 | L24: Alexis Day | M24: 4
A25: Alice Schneider | B25: 2 | E25: US | F25: 49 | G25: 478 | L25: Alice Schneider | M25: 15
A26: Alison Clark | B26: 1.3 | E26: Grand Total | F26: 996 | G26: 8715 | L26: Alison Clark | M26: 5
A27: Allen Lee | B27: 5 | L27: Allen Lee | M27: 4
A28: Allen Turner | B28: 3.3 | L28: Allen Turner | M28: 1
A29: Allison Henderson | B29: 1.3 | L29: Allison Henderson | M29: 5
A30: Allison Perkins | B30: 0 | E30: People Vs Rating | L30: Allison Perkins | M30: 9
A31: Allison Tucker MD | B31: 2.5125695 | L31: Allison Tucker MD | M31: 4
A32: Allison Williams | B32: 0 | L32: Allison Williams | M32: 1
A33: Amanda Fowler | B33: 2.5125695 | L33: Amanda Fowler | M33: 3
A34: Amanda Jacobs | B34: 2.5125695 | L34: Amanda Jacobs | M34: 2
A35: Amanda Jones | B35: 3.6 | L35: Amanda Jones | M35: 4
A36: Amanda Martin | B36: 2.5125695 | L36: Amanda Martin | M36: 1
A37: Amanda Mayo | B37: 3.4 | L37: Amanda Mayo | M37: 10
A38: Amanda Mitchell | B38: 4.6 | L38: Amanda Mitchell | M38: 4
A39: Amanda Smith | B39: 2.5125695 | L39: Amanda Smith | M39: 1
A40: Amanda Spencer | B40: 1.5 | L40: Amanda Spencer | M40: 1
A41: Amanda Vargas | B41: 2.9 | L41: Amanda Vargas | M41: 2
A42: Amy Combs | B42: 4.3 | L42: Amy Combs | M42: 3
... A48: Andrea Perez | B48: 0 | L48: Andrea Perez | M48: 1
A49: Andrew Avila | B49: 4.6 | F49: Country Vs Project | L49: Andrew Avila | M49: 1
A50: Andrew Barnes | B50: 1.1 | L50: Andrew Barnes | M50: 6
A51: Andrew Fuentes | B51: 1.7 | L51: Andrew Fuentes | M51: 9
A52: Andrew Little | B52: 2.6 | L52: Andrew Little | M52: 1
A53: Andrew Lynch | B53: 1.1 | L53: Andrew Lynch | M53: 1
A54: Andrew Ruiz | B54: 4.9 | L54: Andrew Ruiz | M54: 5
A55: Andrew Scott | B55: 2.5125695 | L55: Andrew Scott | M55: 5
A56: Angel Collins | B56: 2.5125695 | L56: Angel Collins | M56: 4
A57: Angela Blackwell | B57: 4.9 | L57: Angela Blackwell | M57: 19
A58: Angela Castillo | B58: 2.8 | L58: Angela Castillo | M58: 1
A59: Angela Castro | B59: 4.6 | L59: Angela Castro | M59: 1
A60: Angela Johnson | B60: 2.5125695 | L60: Angela Johnson | M60: 11
A61: Angela Smith | B61: 3.7 | L61: Angela Smith | M61: 8
... A66: Anna Fleming | B66: 1.3 | L66: Anna Fleming | M66: 4
A67: Anna Mccann | B67: 1.2 | E67: Skill Vs Count of People | L67: Anna Mccann | M67: 2
A68: Anne Edwards | B68: 1.1 | L68: Anne Edwards | M68: 7
A69: Anne Hamilton | B69: 2.5125695 | L69: Anne Hamilton | M69: 2
A70: Anne Hampton | B70: 0 | L70: Anne Hampton | M70: 1
A71: Anthony Avila | B71: 4.2 | L71: Anthony Avila | M71: 5
A72: Anthony Case | B72: 1.6 | L72: Anthony Case | M72: 8
A73: Anthony Downs | B73: 5 | L73: Anthony Downs | M73: 3
A74: Anthony Gaines | B74: 0 | L74: Anthony Gaines | M74: 6
A75: Anthony Goodwin DDS | B75: 3.2 | L75: Anthony Goodwin DDS | M75: 5
A76: Anthony Hernandez | B76: 1.2 | L76: Anthony Hernandez | M76: 15
A77: Anthony Huynh MD | B77: 4.2 | L77: Anthony Huynh MD | M77: 1
A78: Anthony Krause | B78: 4.5 | L78: Anthony Krause | M78: 2
A79: Anthony Larsen | B79: 1.4 | L79: Anthony Larsen | M79: 17
... A86: Arthur Vasquez | B86: 2.3 | L86: Arthur Vasquez | M86: 1
A87: Ashley Chen | B87: 1.4 | E87: People Vs Duration | L87: Ashley Chen | M87: 11
A88: Ashley Cordova | B88: 4 | L88: Ashley Cordova | M88: 2
A89: Ashley Hammond | B89: 3.3 | L89: Ashley Hammond | M89: 14
A90: Ashley Kemp | B90: 2.5125695 | L90: Ashley Kemp | M90: 5
A91: Ashley Odonnell | B91: 1.7 | L91: Ashley Odonnell | M91: 5
A92: Ashley Salazar | B92: 1.6 | L92: Ashley Salazar | M92: 2
A93: Austin Allen | B93: 2.5 | L93: Austin Allen | M93: 6
A94: Austin Jenkins | B94: 0 | L94: Austin Jenkins | M94: 13
A95: Austin Romero | B95: 1.7 | L95: Austin Romero | M95: 9
A96: Barbara Brown | B96: 3.3 | L96: Barbara Brown | M96: 10
A97: Barbara Foster | B97: 3.9 | L97: Barbara Foster | M97: 6
A98: Barbara Keith | B98: 0 | L98: Barbara Keith | M98: 13
A99: Benjamin Stark | B99: 2.3 | L99: Benjamin Stark | M99: 1
... A996: Grand Total | B996: 2512.5695 | L996: Grand Total | M996: 5114

Sheet Sheet3
A3: primary_skill | B3: Sum of rating
A4: AI | B4: 242.73826
A5: Blockchain Development | B5: 250.15083
A6: Cybersecurity | B6: 212.91313
A7: Data Analysis | B7: 232.6257
A8: DevOps | B8: 312.11313
A9: Graphic Design | B9: 233.50056
A10: Machine Learning | B10: 238.90056
A11: Mobile Apps | B11: 259.30111
A12: UI/UX Design | B12: 275.00056
A13: Web Development | B13: 246.81313
A14: (blank) | B14: 8.5125695

Sheet Sheet4
A3: language | B3: Average of client_satisfaction
A4: Afrikaans | B4: 0.78340909
A5: Arabic | B5: 0.81690476
A6: Dutch | B6: 0.78960784
A7: English | B7: 0.79711628
A8: French | B8: 0.77136364
A9: Germany | B9: 0.78384615
A10: Hindi | B10: 0.80822222
A11: Indonesian | B11: 0.78065217
A12: Italian | B12: 0.77880952
A13: Japanese | B13: 0.77054054
A14: Korean | B14: 0.79558824
A15: Mandarin | B15: 0.78530612
... A19: Turkish | B19: 0.77244444

Sheet Sheet5
A3: is_active | B3: Average of client_satisfaction
A4: Unknown | B4: 0.79910112
A5: FALSE | B5: 0.79113978
A6: TRUE | B6: 0.79197309

Sheet Sheet6
A3: country | B3: Average of client_satisfaction
A4: Argentina | B4: 0.80173913
A5: Australia | B5: 0.8045098
A6: Brazil | B6: 0.78967742
A7: Canada | B7: 0.78461538
A8: China | B8: 0.78530612
A9: Egypt | B9: 0.81690476
A10: France | B10: 0.77136364
A11: Germany | B11: 0.78384615
A12: India | B12: 0.80822222
A13: Indonesia | B13: 0.78044444
A14: Italy | B14: 0.77853659
A15: Japan | B15: 0.77054054
... A25: (blank) | B25: 0.785

Sheet DASHBOARD
G1: FREELANCER DASHBOARD
